EDUC,EXPE,EDSUP,MUJER,SALARIO
6,51,0,0,6.814942
10,33,0,1,7.240459
10,12,0,0,9.954426
10,18,0,1,7.531282
12,10,0,0,15.03233
10,33,0,0,8.635691
15,13,1,1,17.32184
10,21,0,1,6.586243
10,13,0,0,14.97724
6,32,0,1,5.775172
12,25,0,1,4.907433
12,21,0,0,9.665554
6,25,0,0,4.246552
12,12,0,0,8.247759
10,23,0,1,35.3919
15,23,1,0,9.625805
6,38,0,0,8.608621
6,38,0,1,8.444828
10,26,0,0,10.3973
6,35,0,0,11.5196
15,15,1,1,19.52197
17,6,1,0,34.71652
6,40,0,0,12.4558
6,49,0,0,16.83908
10,42,0,0,9.471219
10,22,0,1,7.069196
17,24,1,1,8.448276
17,11,1,1,19.15707
17,15,1,0,19.70577
12,20,0,0,17.54569
14,8,0,1,6.181437
10,24,0,0,11.74557
6,15,0,0,9.611667
10,27,0,0,10.78126
6,48,0,1,7.453876
6,19,0,0,9.225115
10,39,0,0,10.24379
10,43,0,0,12.61046
12,15,0,0,8.236264
6,19,0,0,25.9353
10,12,0,0,11.1504
12,6,0,1,11.59473
10,47,0,0,21.01034
14,15,0,0,6.375966
10,37,0,0,14.32862
10,17,0,1,3.74069
12,12,0,0,7.640287
12,20,0,0,13.50489
12,24,0,1,8.481494
15,13,1,1,7.836896
12,30,0,1,6.449828
17,13,1,1,10.65667
17,4,1,1,7.957184
10,17,0,0,11.25264
10,46,0,0,13.74069
6,24,0,0,5.229264
10,33,0,0,13.51676
12,39,0,0,11.13037
0,29,0,1,14.58558
6,26,0,1,4.793103
12,22,0,1,7.407874
14,21,0,0,18.96315
14,2,0,1,7.194789
12,31,0,1,11.27325
12,37,0,1,7.271975
12,10,0,0,4.218391
15,8,1,1,10.15172
15,40,1,1,27.92667
17,13,1,0,11.76841
14,22,0,1,12.85576
10,18,0,1,12.25782
14,4,0,1,14.65517
17,15,1,0,22.07828
12,20,0,0,18.31615
6,31,0,1,7.427873
10,27,0,1,5.372069
10,14,0,0,9.902356
15,3,1,1,8.178276
14,16,0,1,5.484089
12,8,0,1,40.4754
17,3,1,1,8.95592
14,20,0,1,7.104184
15,3,1,0,7.834081
17,14,1,1,4.374195
10,9,0,0,5.831897
10,21,0,0,13.58299
10,6,0,0,4.865517
14,43,0,1,7.96384
6,34,0,0,7.348276
10,38,0,1,7.135515
10,43,0,1,6.875744
10,14,0,0,16.68217
14,16,0,0,11.90669
6,24,0,1,5.469828
15,17,1,1,14.67914
14,7,0,0,12.03037
12,12,0,1,7.253793
17,11,1,1,15.48146
12,24,0,1,5.065024
12,37,0,0,23.2219
6,28,0,0,5.380805
10,28,0,0,6.532989
10,17,0,1,7.600574
17,21,1,0,17.70115
12,15,0,1,4.929195
12,32,0,0,17.9452
17,6,1,0,18.82103
15,10,1,1,14.93534
10,21,0,1,9.127586
17,34,1,0,45.88998
10,27,0,0,8.007172
10,41,0,0,16.77138
12,8,0,1,6.988505
17,2,1,1,6.818155
17,13,1,1,10.39558
14,10,0,0,8.339943
6,41,0,0,8.235229
17,4,1,1,11.09596
17,23,1,1,24.64893
17,3,1,0,7.972644
14,11,0,0,6.773391
12,5,0,0,10.35925
10,21,0,1,5.975326
12,21,0,0,6.680115
17,7,1,0,14.04345
15,14,1,0,20.28316
14,17,0,1,11.60769
14,13,0,0,13.0535
10,25,0,1,5.734253
17,13,1,0,25.8219
10,34,0,0,8.520128
17,10,1,1,8.496552
15,13,1,1,14.57849
12,27,0,0,21.62846
17,6,1,1,7.960058
12,12,0,1,7.715
12,35,0,0,10.67988
12,37,0,1,7.132529
17,7,1,0,6.545345
14,32,0,1,14.05204
17,5,1,0,16.64828
10,38,0,0,6.658276
17,10,1,0,20.73946
15,21,1,1,24.35353
0,26,0,1,8.900548
15,11,1,1,12.57694
6,19,0,0,7.752357
10,35,0,0,10.11006
15,19,1,0,16.06627
10,23,0,1,3.529253
15,35,1,0,5.606437
17,8,1,1,7.580733
12,14,0,1,7.909253
17,12,1,1,10.13351
12,32,0,0,10.11535
6,26,0,1,5.955575
17,13,1,1,9.587127
12,26,0,1,6.24953
6,33,0,0,6.189137
12,19,0,0,13.28726
6,27,0,0,8.300517
14,34,0,0,20.56373
15,26,1,1,11.25695
12,30,0,0,7.777874
17,2,1,1,15.78693
10,18,0,0,8.976768
12,17,0,0,9.557677
12,0,0,0,6.517816
10,18,0,0,7.113276
12,20,0,1,8.158333
17,22,1,0,9.479655
14,23,0,1,10.57414
6,30,0,0,12.6069
12,14,0,0,6.609195
12,23,0,0,21.72511
6,19,0,0,9.847127
12,22,0,0,10.04282
10,33,0,0,7.083679
12,34,0,1,26.35935
17,10,1,1,15.30805
15,19,1,0,15.98841
12,19,0,1,5.816617
6,36,0,1,5.518793
17,16,1,1,8.033139
14,19,0,0,11.95678
10,35,0,0,9.411092
14,25,0,0,12.43983
10,6,0,0,12.94029
17,9,1,1,20.31936
6,22,0,0,4.893965
10,19,0,0,9.780633
12,21,0,1,10.23356
10,11,0,1,10.1123
17,5,1,1,8.620689
12,28,0,0,10.63626
12,20,0,1,4.828191
15,19,1,0,11.32408
10,40,0,0,12.67489
12,6,0,1,9.442701
14,13,0,0,16.72031
12,10,0,0,8.002356
15,9,1,1,7.835575
14,15,0,0,11.8106
10,20,0,1,7.479007
10,24,0,1,7.92977
6,10,0,0,6.729011
18,29,1,0,10.85977
12,10,0,1,9.603333
6,20,0,0,13.51115
10,18,0,1,6.601469
17,24,1,0,33.72078
12,59,0,0,48.89072
12,21,0,1,11.73713
10,34,0,0,14.33155
15,2,1,0,14.25905
6,34,0,1,11.00931
10,35,0,1,8.752931
12,28,0,1,9.635977
10,36,0,0,8.792362
10,20,0,1,6.498851
12,22,0,0,6.270402
6,34,0,0,6.009253
17,5,1,0,10.18318
15,11,1,0,11.69103
10,18,0,0,7.340575
15,37,1,0,37.58437
12,30,0,0,20.69971
14,11,0,1,10.46132
14,25,0,1,5.933276
14,11,0,0,20.44699
6,51,0,0,11.85517
15,7,1,0,8.514655
10,9,0,1,6.036973
10,20,0,1,8.575137
14,21,0,0,20.48635
10,34,0,0,8.661551
6,43,0,0,6.925862
10,26,0,0,8.933999
15,43,1,0,11.34012
15,25,1,0,17.97046
15,23,1,0,18.04529
12,24,0,0,10.09642
17,32,1,1,30.65753
10,16,0,1,13.2931
14,9,0,0,6.525001
15,13,1,1,11.08379
10,29,0,1,7.089311
14,15,0,0,9.704521
12,10,0,1,5.823342
17,15,1,1,25.29156
10,27,0,1,5.457989
6,20,0,0,7.44157
6,39,0,1,5.132357
10,11,0,0,10.85057
14,18,0,0,12.25678
15,33,1,0,89.45664
12,28,0,0,11.71745
10,20,0,1,10.99126
10,12,0,0,6.484598
17,35,1,0,59.34102
6,24,0,1,5.279885
14,26,0,1,9.063356
15,18,1,1,22.55366
12,21,0,1,8.964495
10,26,0,0,6.003428
12,19,0,1,18.77339
12,15,0,0,11.55609
12,7,0,1,6.733124
10,7,0,0,5.980604
10,21,0,1,6.769483
17,5,1,1,12.16954
17,26,1,1,15.57431
6,12,0,0,8.198564
12,24,0,1,8.735
6,37,0,1,4.695287
12,18,0,1,5
10,19,0,0,7.165345
12,8,0,1,6.368621
14,13,0,0,16.04063
17,9,1,1,17.25862
12,35,0,0,13.4438
10,29,0,1,12.98874
14,6,0,0,10.61437
12,13,0,0,8.450104
6,15,0,0,7.806264
6,33,0,0,10.80519
12,20,0,0,9.432578
14,14,0,1,8.763944
12,10,0,0,11.78551
6,28,0,0,7.38339
6,30,0,0,10.15615
10,28,0,0,8.301179
17,33,1,1,27.12802
15,12,1,1,12.11207
14,9,0,1,5.749368
12,7,0,0,8.447299
14,21,0,1,10.6026
17,27,1,1,16.78785
15,22,1,1,13.11233
6,17,0,0,8.974311
10,29,0,0,16.95805
12,30,0,0,9.831436
17,12,1,1,13.23534
10,26,0,0,10.87391
17,22,1,0,32.42036
15,31,1,0,52.25115
17,4,1,1,10.34247
14,16,0,0,10.76828
15,19,1,1,17.59341
17,15,1,0,13.78793
6,19,0,0,8.043859
10,42,0,0,8.092701
17,8,1,1,9.299845
17,7,1,0,15.7908
14,16,0,1,10.12801
10,34,0,0,4.828966
10,27,0,1,4.744349
10,22,0,0,67.15615
10,33,0,1,5.323202
12,41,0,0,11.38741
6,24,0,0,8.686839
12,17,0,0,13.12068
12,36,0,0,22.26148
10,15,0,1,9.124712
10,39,0,1,14.50806
17,22,1,0,25.88345
10,20,0,1,7.113908
10,30,0,0,15.2696
15,17,1,0,15.06031
0,52,0,1,10.11742
17,22,1,1,19.85847
10,33,0,0,10.23563
12,36,0,1,15.56373
17,28,1,0,29.82035
6,26,0,1,5.059149
10,38,0,1,10.59046
15,11,1,1,8.268448
6,38,0,0,5.83954
10,36,0,1,11.75682
10,23,0,0,15.02661
17,15,1,0,38.46636
10,11,0,0,5.709196
12,27,0,0,15.30764
6,36,0,0,8.522874
17,13,1,1,6.562758
12,15,0,1,5.856149
6,27,0,0,6.496379
6,30,0,0,16.89356
15,15,1,1,8.435132
17,20,1,0,27.16891
17,9,1,0,8.997989
17,3,1,1,4.835
10,25,0,0,8.087602
17,10,1,1,17.10046
6,43,0,0,8.610043
6,32,0,0,10.14345
6,41,0,0,10.47764
6,27,0,1,7.062299
14,23,0,0,20.05103
17,6,1,0,18.29867
12,22,0,0,11.76701
10,21,0,1,6.530682
12,7,0,0,4.361741
15,24,1,1,6.79619
17,15,1,1,20.09615
10,33,0,0,8.300517
15,45,1,0,18.4619
12,13,0,1,10.23678
14,42,0,0,10.2633
6,26,0,1,6.061609
6,34,0,0,18.85695
10,13,0,1,6.564751
12,15,0,1,13.95506
17,9,1,1,15.70213
17,14,1,1,13.78526
12,21,0,1,7.175518
6,23,0,0,8.045518
10,6,0,0,11.45173
17,5,1,1,12.21264
14,45,0,0,73.20377
14,10,0,1,6.969748
17,11,1,1,18.05319
15,22,1,1,8.800722
12,14,0,0,9.92546
6,12,0,1,7.037213
10,18,0,1,8.025812
15,35,1,1,15.48619
14,7,0,0,4.741379
12,20,0,1,9.176386
12,38,0,0,20.93994
15,21,1,1,11.81534
12,10,0,0,11.48762
12,19,0,0,8.159368
10,41,0,1,6.205057
6,21,0,1,6.293103
15,15,1,1,12.73121
12,24,0,1,4.387931
17,9,1,1,9.317299
10,30,0,0,16.5135
12,28,0,1,9.124713
17,22,1,0,21.11133
10,4,0,0,6.99477
12,21,0,1,18.82527
0,52,0,0,32.01642
14,18,0,0,12.40417
10,14,0,0,16.76275
17,5,1,0,6.464311
6,37,0,1,8.622011
17,16,1,0,12.41333
6,17,0,0,4.830445
14,37,0,0,20.51066
14,4,0,1,4.510747
6,31,0,0,8.776781
17,22,1,0,30.23098
10,45,0,0,34.33458
12,33,0,1,5.056437
14,19,0,0,15.04098
6,26,0,0,4.246552
6,37,0,0,14.51483
12,9,0,0,12.67862
12,7,0,1,13.82223
12,21,0,0,9.027069
12,7,0,0,6.892471
17,13,1,0,28.25672
14,28,0,0,6.211552
15,9,1,0,22.73149
10,36,0,1,5.367826
10,21,0,1,6.20523
10,35,0,1,5.193563
6,50,0,0,12.94529
12,21,0,0,7.267184
10,9,0,0,5.781846
17,9,1,0,6.847299
6,48,0,0,8.127213
12,31,0,1,5.231264
15,26,1,0,12.29694
6,36,0,1,5.617241
6,30,0,0,10.1911
12,31,0,1,11.79888
10,10,0,0,6.771609
10,24,0,0,8.55408
6,26,0,0,13.08155
17,5,1,1,10.2627
12,38,0,1,10.43746
10,28,0,1,7.888736
14,15,0,0,8.665919
14,21,0,0,15.89649
15,17,1,0,7.267011
14,44,0,0,12.31356
12,18,0,1,6.95385
10,16,0,0,7.855862
12,18,0,0,30.95661
14,27,0,0,15.48477
10,13,0,1,9.251008
12,12,0,0,8.21018
6,20,0,1,5.072069
17,14,1,0,8.353391
17,8,1,0,11.02684
10,29,0,0,7.787893
6,24,0,0,6.88431
10,15,0,0,6.251264
17,30,1,0,33.02851
10,15,0,0,10.31845
17,14,1,1,27.65878
10,18,0,0,16.66668
17,29,1,0,9.557889
10,18,0,1,8.334713
12,5,0,0,7.124042
12,18,0,0,8.548046
10,29,0,0,10.07707
18,18,1,0,24.39713
6,42,0,0,11.49695
10,26,0,0,40.4446
10,30,0,1,8.374598
6,39,0,0,9.540493
17,9,1,1,37.02398
10,23,0,1,8.320288
17,4,1,0,8.00032
12,21,0,0,11.49425
14,16,0,1,6.93362
17,9,1,1,14.44295
15,3,1,0,6.803525
15,22,1,0,18.14882
12,22,0,1,11.37894
15,12,1,0,9.926614
14,42,0,0,44.159
17,8,1,1,7.377418
15,23,1,0,14.35069
12,28,0,0,12.73347
17,19,1,1,13.92345
17,9,1,0,13.72161
6,30,0,1,5.617299
12,14,0,0,6.41722
10,31,0,1,9.770115
10,39,0,0,9.76069
6,38,0,0,7.943965
15,37,1,1,15.8208
15,14,1,1,6.172759
12,31,0,0,13.73707
17,11,1,1,11.87598
10,33,0,1,8.002146
17,29,1,0,13.73775
6,52,0,0,8.803448
14,23,0,0,13.21931
6,18,0,1,8.044827
10,42,0,1,5.016357
6,24,0,1,5.733851
12,14,0,1,7.372886
10,7,0,0,6.981552
15,5,1,1,5.200058
17,25,1,0,10.43126
17,23,1,1,19.15845
12,9,0,0,4.330287
15,17,1,1,21.14778
15,31,1,1,15.12433
17,29,1,0,35.38618
6,23,0,0,8.070575
15,21,1,1,25.56184
14,27,0,0,11.23655
10,26,0,0,14.30805
6,33,0,0,11.0192
15,10,1,1,9.237184
17,4,1,0,15.72057
10,26,0,1,5.055977
15,4,1,1,11.01534
6,31,0,0,7.339253
10,15,0,0,6.736264
10,19,0,0,15.79037
10,40,0,1,4.729455
10,32,0,1,6.881643
10,40,0,1,17.75436
10,23,0,1,6.178161
12,11,0,0,4.310345
17,17,1,1,7.272095
10,30,0,1,4.810058
10,17,0,0,7.165517
6,28,0,1,4.128123
15,20,1,0,19.3908
15,25,1,0,25.51065
10,10,0,1,11.60092
12,20,0,0,4.896839
6,31,0,1,4.405057
6,17,0,0,6.319368
10,24,0,1,7.487816
17,21,1,0,24.47437
0,21,0,1,11.25672
12,8,0,1,7.156852
6,19,0,0,7.257648
12,26,0,0,32.4976
12,18,0,0,16.77002
10,17,0,0,10.09778
10,3,0,0,6.851609
6,41,0,0,10.30316
10,41,0,0,13.07063
10,23,0,1,8.598162
17,17,1,0,27.24509
12,4,0,1,5.17069
6,25,0,0,9.301897
6,39,0,0,7.278333
6,20,0,0,5.734655
6,37,0,1,9.933215
17,13,1,0,37.68024
6,20,0,1,7.37816
12,33,0,0,12.35071
17,24,1,0,26.27046
17,2,1,1,8.825919
17,6,1,1,8.779464
10,41,0,0,16.58041
17,25,1,0,7.387701
10,48,0,1,12.48851
12,4,0,1,5.951851
12,30,0,0,9.040977
10,18,0,1,5.024631
10,15,0,0,7.314138
15,17,1,0,19.32879
6,17,0,0,4.631659
18,6,1,1,7.183966
10,39,0,0,29.5032
10,16,0,0,18.80667
6,45,0,0,7.369368
10,28,0,0,7.942529
12,28,0,0,16.23086
12,42,0,0,9.733334
10,19,0,0,19.93013
15,15,1,1,17.14943
10,9,0,0,7.134425
12,15,0,0,14.40387
12,27,0,1,21.44018
10,41,0,0,14.03431
12,28,0,1,10.99061
6,37,0,1,5.788966
12,19,0,1,11.88627
12,13,0,0,9.321897
17,24,1,1,17.93839
6,43,0,1,10.58693
10,40,0,1,8.645517
12,22,0,0,6.628778
12,13,0,0,6.524291
12,17,0,0,12.62931
17,0,1,1,5.172414
10,27,0,1,3.803652
10,23,0,1,6.518391
17,15,1,0,30.61741
10,20,0,0,8.748678
10,42,0,0,8.264153
6,38,0,0,7.694253
10,33,0,0,11.64339
12,25,0,1,9.256896
6,49,0,0,18.07163
12,13,0,0,12.87415
10,32,0,0,10.69816
12,16,0,1,4.150191
12,24,0,0,10.39966
15,12,1,1,19.86529
10,24,0,1,7.471673
14,19,0,1,11.64736
17,17,1,0,11.44782
10,29,0,0,6.88931
15,14,1,1,10.09391
12,26,0,1,9.846174
10,17,0,0,12.60839
10,48,0,1,6.665585
6,37,0,1,8.733965
12,6,0,0,11.47247
17,12,1,0,23.31701
10,32,0,0,5.115977
12,19,0,0,19.35172
10,17,0,0,8.405487
14,36,0,0,14.51511
14,30,0,0,9.488976
6,30,0,0,12.69377
17,11,1,0,22.733
10,39,0,0,15.69736
12,15,0,0,9.92362
10,33,0,0,21.65465
12,25,0,0,17.96328
12,13,0,0,7.35908
15,15,1,1,12.74495
6,38,0,0,12.04036
15,6,1,1,10.72184
17,12,1,1,5.87885
10,34,0,0,42.29258
6,30,0,0,6.519776
10,32,0,1,9.54862
17,19,1,1,23.66374
6,38,0,0,12.67879
10,13,0,1,8.936551
10,26,0,0,6.893334
6,36,0,0,14.66028
12,8,0,0,7.856322
12,11,0,0,10.95296
12,27,0,0,7.536303
12,30,0,1,18.02299
6,40,0,0,15.1161
17,5,1,0,5.919713
10,14,0,0,7.525623
10,12,0,0,5.381992
14,21,0,1,9.993851
10,14,0,1,7.783678
6,13,0,0,11.4654
15,8,1,0,13.23391
6,23,0,0,16.65346
10,41,0,0,6.963926
10,28,0,0,9.842528
6,29,0,1,5.801954
12,11,0,1,6.079253
14,18,0,0,9.62885
12,31,0,0,13.38362
14,32,0,1,12.48145
12,17,0,0,6.138621
6,49,0,1,6.954023
15,39,1,0,19.88236
14,15,0,0,15.41
14,14,0,1,15.50947
6,19,0,0,9.550344
17,9,1,1,8.779464
14,20,0,0,16.68782
14,19,0,0,9.97592
12,28,0,0,16.0046
6,48,0,0,39.94098
6,29,0,1,5.923431
17,18,1,1,7.853678
14,5,0,0,5.402299
14,27,0,0,11.96948
12,11,0,1,9.254023
15,22,1,1,14.31207
6,27,0,1,8.129656
10,17,0,0,7.255229
6,43,0,0,14.30977
15,20,1,0,8.299597
14,21,0,0,10.83201
10,42,0,0,9.493328
12,35,0,1,9.465624
10,15,0,1,6.48319
15,9,1,1,15.91191
6,41,0,0,22.69333
17,6,1,0,15.7853
6,40,0,0,9.052242
14,7,0,0,9.012357
10,30,0,0,14.3546
15,14,1,1,12.22676
10,6,0,1,6.644532
15,14,1,0,21.07281
14,25,0,0,87.49776
12,22,0,1,8.856444
12,11,0,1,6.246552
15,14,1,1,10.67592
12,34,0,0,11.44908
6,35,0,1,10.01441
17,13,1,1,19.45753
10,24,0,0,13.25882
12,23,0,0,9.276264
17,5,1,0,10.6523
10,21,0,0,9.16044
6,31,0,0,9.623086
15,19,1,1,9.854483
12,31,0,0,22.88914
10,31,0,0,13.31511
17,3,1,1,4.246552
10,39,0,0,6.107529
12,38,0,1,7.238736
6,29,0,0,14.80086
6,17,0,1,6.125805
14,14,0,1,17.26333
6,22,0,0,10.2431
15,23,1,0,16.69741
12,24,0,0,11.49425
17,12,1,1,27.18833
17,17,1,0,19.86168
10,36,0,0,17.08519
18,44,1,0,25.72904
6,49,0,1,8.252137
14,9,0,0,6.698231
17,13,1,1,13.56184
17,28,1,0,31.69166
17,14,1,0,13.65564
10,10,0,0,7.001238
12,15,0,1,6.238489
14,32,0,0,13.00328
15,10,1,1,9.606667
10,7,0,0,13.63961
17,9,1,0,10.82454
14,11,0,0,10.38811
12,23,0,1,11.37248
17,38,1,0,67.12701
15,27,1,0,12.37782
14,44,0,0,14.09119
10,46,0,0,23.76704
17,15,1,0,34.1542
12,27,0,0,16.41994
6,49,0,0,9.633533
17,12,1,1,28.58488
10,20,0,0,12.20471
17,30,1,0,28.32586
17,21,1,0,22.46385
12,12,0,0,11.40736
15,11,1,1,5.585441
12,19,0,1,6.795473
6,19,0,1,8.674081
10,28,0,0,10.7942
14,24,0,0,12.04575
6,49,0,1,6.768161
17,5,1,1,7.229472
17,-1,1,0,6.280805
6,33,0,1,6.309425
15,31,1,1,14.38615
12,14,0,0,17.18132
10,35,0,0,9.081886
15,33,1,1,20.87291
0,41,0,0,58.13779
15,19,1,0,6.743295
10,12,0,0,6.594943
14,10,0,0,10.5325
14,18,0,0,6.704943
17,4,1,0,15.26132
10,8,0,1,6.683289
10,34,0,1,6.524904
10,22,0,0,7.448046
15,12,1,1,12.97207
17,8,1,1,7.902299
0,51,0,1,14.48276
10,19,0,0,10.29989
10,27,0,1,6.606514
14,14,0,1,9.507203
17,8,1,1,6.827241
14,9,0,1,7.098143
12,7,0,0,5.279885
14,14,0,0,8.474024
15,16,1,1,13.8562
15,13,1,1,8.076264
10,16,0,0,9.2389
10,14,0,1,7.687184
12,14,0,1,4.615303
10,17,0,1,4.710673
10,32,0,0,9.453851
10,14,0,0,5.446897
17,15,1,1,11.34339
6,26,0,0,9.325976
12,35,0,1,20.27648
10,35,0,0,8.660689
14,15,0,1,6.974368
15,11,1,1,6.806308
18,10,1,1,10.81804
6,30,0,0,6.389138
10,39,0,0,12.35874
15,29,1,1,25.30609
17,7,1,1,9.01445
15,35,1,0,12.39858
12,5,0,1,6.101065
6,22,0,1,6.637736
12,14,0,0,8.715919
12,15,0,0,7.736238
17,19,1,0,14.85616
6,18,0,0,6.127701
10,11,0,1,10.71171
0,31,0,0,13.45391
12,6,0,1,5.701149
10,29,0,1,9.420337
17,18,1,0,11.34783
6,16,0,1,7.5
17,41,1,0,15.54923
10,16,0,0,7.387299
14,25,0,0,19.16981
10,29,0,1,7.985862
10,32,0,0,9.582989
15,22,1,0,42.05662
10,19,0,1,6.708646
10,14,0,1,10.27109
14,16,0,0,9.112988
6,18,0,0,6.043941
10,5,0,0,5.966724
12,13,0,0,10.62673
12,12,0,1,6.330748
12,19,0,1,8.098636
10,16,0,1,7.309589
6,33,0,0,8.369623
15,24,1,1,6.396207
6,48,0,0,7.369368
17,38,1,0,5.997923
17,20,1,1,14.81911
10,23,0,1,6.526102
12,23,0,1,5.461977
10,23,0,1,9.121899
14,15,0,0,11.91414
15,34,1,1,11.01071
17,6,1,1,6.439023
12,7,0,0,11.74793
17,16,1,0,19.66531
15,21,1,1,13.07365
15,12,1,0,13.07138
10,22,0,0,14.21316
10,27,0,0,11.81661
12,18,0,1,16.70384
12,28,0,1,7.032126
18,7,1,0,20.45569
15,5,1,0,8.381207
12,41,0,0,19.42757
10,38,0,1,12.23475
10,36,0,1,8.371264
12,33,0,0,24.81414
10,45,0,0,13.50506
17,15,1,0,18.18954
10,15,0,0,8.081149
17,14,1,1,17.15058
10,18,0,0,10.31295
6,26,0,0,6.91092
6,35,0,1,5.842988
15,19,1,1,9.142694
15,14,1,1,13.45714
15,20,1,0,5.67408
12,33,0,0,9.36638
12,24,0,0,18.01782
12,27,0,0,15.05184
17,38,1,0,6.16226
17,22,1,1,15.84027
10,18,0,0,7.28728
15,5,1,1,8.115709
12,32,0,1,10.81195
12,31,0,1,7.503579
15,0,1,0,6.961782
6,15,0,0,8.033563
17,14,1,1,12.60348
17,9,1,0,4.927768
12,6,0,1,11.06247
6,32,0,0,6.709367
12,13,0,0,8.411379
10,38,0,0,9.335
6,40,0,0,10.67374
17,19,1,1,14.06596
14,19,0,1,6.078448
17,13,1,1,5.770056
17,29,1,0,77.355
12,12,0,1,7.471206
15,37,1,0,32.4867
17,22,1,1,25.12435
10,9,0,0,6.246095
10,25,0,0,7.993448
6,23,0,0,7.498276
17,12,1,0,26.51657
0,44,0,0,42.56506
10,24,0,1,9.611594
14,5,0,1,8.503262
6,16,0,1,5.617356
12,21,0,0,12.30316
12,23,0,0,16.98391
17,12,1,1,10.71327
10,10,0,1,4.121666
6,30,0,1,13.43006
10,33,0,0,10.90456
17,19,1,0,24.33684
12,25,0,1,10.33898
12,21,0,0,10.29701
14,7,0,1,6.085134
6,40,0,0,11.07621
14,5,0,0,8.509483
17,7,1,0,4.597701
10,39,0,1,9.343354
6,21,0,1,5.854483
6,16,0,0,6.81908
10,28,0,0,10.51842
6,40,0,1,6.981782
12,28,0,1,5.911035
15,9,1,0,8.060575
12,22,0,0,16.77517
6,42,0,1,7.39523
14,11,0,1,11.38023
15,11,1,0,7.095699
18,8,1,1,40.55588
6,33,0,0,10.09626
15,2,1,0,7.688965
17,13,1,1,26.07281
6,44,0,0,14.06856
17,5,1,0,12.97937
12,9,0,1,8.517299
10,24,0,1,7.995271
10,24,0,1,12.02942
10,19,0,0,7.319953
6,14,0,0,9.855604
14,25,0,0,11.17806
12,22,0,0,11.44446
15,16,1,1,13.88414
17,21,1,0,9.177293
12,17,0,1,5.90823
12,24,0,1,6.72776
6,28,0,1,5.285706
14,13,0,0,15.5142
17,15,1,0,44.24736
15,14,1,1,10.3101
12,8,0,0,11.90281
12,3,0,1,4.651035
12,40,0,0,25.60351
10,28,0,0,9.414023
6,45,0,1,7.563505
14,15,0,0,15.8331
6,41,0,1,13.16626
10,23,0,0,7.778736
15,33,1,1,19.07774
15,18,1,1,7.492126
6,44,0,0,9.821839
6,25,0,1,10.15669
17,2,1,0,12.21691
10,18,0,0,7.401149
15,27,1,0,13.1982
10,13,0,0,5.643276
12,41,0,1,9.021774
0,45,0,0,7.301554
14,6,0,1,5.205862
12,28,0,1,13.26542
10,5,0,1,4.644655
17,2,1,1,9.896856
15,14,1,0,13.55676
14,18,0,0,12.09471
12,14,0,1,12.22914
12,38,0,0,9.035139
12,16,0,1,5.093966
15,27,1,0,12.10442
10,25,0,0,7.654828
15,18,1,0,13.23201
12,25,0,1,6.091954
14,12,0,0,11.98459
17,17,1,1,27.50477
10,16,0,1,8.755805
12,10,0,1,7.398586
17,12,1,0,19.69569
14,27,0,0,12.75832
14,2,0,0,7.686
14,9,0,0,10.29649
12,40,0,1,16.08719
14,13,0,0,20.55615
6,27,0,1,6.41504
6,34,0,0,13.04537
6,20,0,0,5.734655
6,22,0,0,8.346092
10,38,0,1,6.03435
17,33,1,0,13.49927
6,27,0,0,6.207184
12,13,0,0,7.191724
6,32,0,0,6.597736
17,14,1,1,18.48388
17,20,1,1,16.54943
17,10,1,0,12.21378
12,26,0,0,8.68592
17,21,1,1,26.73442
12,7,0,0,7.525045
17,7,1,0,10.33828
6,34,0,0,15.20236
12,13,0,1,7.190589
15,18,1,1,9.553103
10,33,0,0,13.65615
14,44,0,1,9.919606
0,57,0,0,8.941854
17,21,1,0,24.68242
12,21,0,1,10.97035
15,14,1,1,13.20417
15,14,1,0,8.837183
12,19,0,0,8.753844
15,17,1,0,15.8015
10,12,0,0,8.519023
6,35,0,0,7.243965
14,5,0,0,8.821839
10,40,0,0,7.210575
10,23,0,0,8.336967
12,28,0,1,11.40269
10,35,0,1,12.66824
15,20,1,0,19.70443
12,16,0,0,7.372356
12,42,0,0,7.837931
12,19,0,1,10.52368
15,9,1,1,8.908046
12,28,0,0,19.96695
6,25,0,0,6.465173
10,5,0,0,7.03592
17,18,1,0,15.80066
10,26,0,1,5.676495
14,24,0,0,15.7419
12,14,0,0,5.821724
6,37,0,1,7.690862
17,21,1,0,34.38136
12,31,0,1,4.976983
10,47,0,1,7.372758
15,40,1,0,13.71475
15,14,1,1,9.797815
14,31,0,1,7.602012
6,18,0,1,5.699368
12,37,0,1,6.809437
15,7,1,1,5.468219
14,2,0,0,7.437701
12,12,0,1,7.485345
10,26,0,0,7.048563
15,34,1,0,18.37931
12,18,0,0,10.64739
15,12,1,1,10.41034
12,13,0,0,7.712874
6,24,0,0,10.34483
17,7,1,0,9.441724
10,28,0,0,9.791401
10,14,0,0,6.487706
6,51,0,0,7.798218
15,20,1,0,36.40724
6,26,0,0,8.441839
17,29,1,0,54.47192
17,26,1,0,17.44828
17,13,1,1,12.86257
17,23,1,1,25.98718
10,41,0,0,5.097241
6,44,0,0,16.59895
0,17,0,0,6.631724
6,42,0,0,25.76924
12,19,0,0,5.135115
12,9,0,0,7.989425
10,36,0,0,11.64066
17,11,1,1,18.98915
10,36,0,0,11.93713
10,25,0,1,6.263219
17,12,1,0,23.94638
10,38,0,1,8.016092
12,6,0,0,14.37727
6,33,0,1,5.285706
12,14,0,0,15.9677
12,26,0,0,13.41287
12,29,0,0,13.71154
17,23,1,1,14.28052
17,8,1,0,11.96672
6,36,0,0,11.21692
15,25,1,0,20.08626
12,40,0,0,13.24035
10,41,0,0,9.411781
10,35,0,1,5.193563
17,6,1,0,11.08374
12,12,0,0,5.752214
12,26,0,1,8.969502
10,31,0,0,10.18207
10,46,0,0,9.152873
17,11,1,0,14.27994
6,50,0,0,7.58046
17,37,1,0,28.27345
17,34,1,1,23.7196
10,29,0,1,8.344425
15,16,1,0,24.29416
6,26,0,1,7.971877
17,6,1,1,6.978678
0,51,0,1,26.84781
14,38,0,1,13.38772
12,20,0,0,12.37074
17,4,1,1,5.92931
10,43,0,1,8.781281
6,37,0,0,7.407356
10,9,0,0,6.393563
12,29,0,0,13.85222
12,10,0,1,14.32126
10,30,0,1,6.895459
10,29,0,0,8.268276
14,4,0,1,6.233276
14,12,0,0,14.25626
17,26,1,0,10.85977
18,6,1,0,28.4282
17,16,1,1,7.658456
10,31,0,1,6.301015
14,12,0,0,10.94874
10,31,0,0,12.44954
10,15,0,1,6.758146
6,38,0,1,9.117337
12,22,0,1,7.604303
15,12,1,1,8.881578
15,16,1,1,16.40506
14,16,0,0,14.09443
10,19,0,1,7.524981
6,19,0,0,7.821954
6,15,0,1,4.717126
12,32,0,1,7.399655
12,7,0,1,4.713621
17,21,1,1,22.80662
15,13,1,0,8.585402
10,31,0,0,7.526437
10,21,0,1,6.676554
10,5,0,0,5.705517
12,19,0,0,14.20339
14,21,0,1,6.0125
12,32,0,0,16.78615
10,35,0,1,9.829294
14,5,0,0,5.420846
12,31,0,1,17.29132
14,17,0,1,14.14138
15,30,1,1,14.96484
15,15,1,0,15.59707
12,36,0,0,14.89681
10,31,0,1,5.789603
12,35,0,0,17.85109
12,10,0,1,5.725
12,20,0,1,10.25609
17,2,1,0,7.183908
15,4,1,1,11.0185
12,7,0,1,4.245977
12,26,0,0,8.691724
17,6,1,1,11.15856
12,14,0,0,13.02862
15,24,1,1,11.42284
14,25,0,0,15.31829
15,37,1,0,18.09736
6,42,0,0,9.086379
10,40,0,1,8.264828
6,18,0,0,6.70954
14,16,0,0,6.964655
12,9,0,0,13.19287
6,41,0,0,12.98259
10,7,0,0,7.26931
10,12,0,0,4.415345
14,26,0,1,8.548046
17,32,1,0,23.60437
10,20,0,0,8.814854
18,29,1,0,5.596551
10,21,0,1,6.086053
10,31,0,0,8.880287
6,47,0,0,15.55684
10,17,0,1,4.780153
12,19,0,1,8.22302
14,6,0,0,11.12428
15,29,1,0,38.01408
18,9,1,0,17.31707
12,40,0,0,22.40914
17,24,1,1,20.26141
14,6,0,0,10.02483
12,21,0,1,10.47094
15,24,1,1,10.4058
10,17,0,1,7.373051
12,40,0,0,27.36697
17,37,1,0,17.95374
10,24,0,1,18.91442
12,21,0,1,9.556725
15,15,1,0,9.862838
14,20,0,1,4.458621
12,44,0,0,14.907
10,27,0,1,4.245977
10,30,0,0,7.942471
6,38,0,1,4.951264
12,14,0,0,17.34333
12,24,0,0,14.77305
12,13,0,0,11.87741
12,30,0,1,7.615632
14,30,0,1,10.06237
10,11,0,1,5.468103
10,35,0,1,7.572542
6,10,0,0,7.554672
10,19,0,0,7.341839
17,15,1,0,24.62081
14,27,0,0,19.6523
6,9,0,1,5.997031
15,22,1,1,9.074368
15,32,1,1,16.67494
10,32,0,0,12.77477
15,16,1,1,15.62417
14,2,0,0,4.985287
6,15,0,0,7.31862
6,36,0,0,18.25398
10,22,0,0,5.178908
10,7,0,0,6.876839
10,26,0,0,12.29023
10,11,0,0,7.103276
15,22,1,1,15.10312
14,34,0,1,12.47284
6,38,0,0,12.08908
10,29,0,0,6.866839
12,15,0,0,11.31141
17,7,1,0,9.15546
17,0,1,0,5.35069
15,8,1,1,12.50949
10,20,0,1,9.677011
10,33,0,1,10.24092
12,34,0,1,9.840115
10,23,0,1,9.852561
14,17,0,0,7.083448
6,41,0,0,11.46759
12,29,0,0,13.58943
17,16,1,1,15.55799
6,20,0,0,6.62069
10,26,0,1,14.39912
6,20,0,0,8.361897
6,14,0,0,7.848333
14,45,0,0,30.11942
12,8,0,0,10.57026
10,43,0,1,11.86713
12,8,0,1,13.04656
12,16,0,0,7.757011
15,26,1,0,12.51839
17,22,1,1,16.43258
6,47,0,1,6.938735
12,8,0,0,10.44035
6,39,0,0,7.592972
14,6,0,0,11.91339
15,16,1,1,9.174368
6,22,0,0,12.1907
18,13,1,1,13.87238
12,19,0,0,12.57477
10,25,0,0,5.585441
10,17,0,0,6.264125
12,14,0,0,10.25132
12,5,0,1,8.228905
12,13,0,0,8.325671
10,8,0,0,8.286437
15,9,1,0,7.456897
14,11,0,0,11.85851
14,17,0,0,13.64486
6,42,0,0,19.20368
12,18,0,0,8.746724
10,47,0,0,19.57893
14,37,0,1,8.247127
12,19,0,1,6.083182
10,20,0,1,8.253907
12,10,0,1,7.183908
6,50,0,1,4.937548
14,26,0,0,7.311265
10,19,0,0,7.752011
6,9,0,1,8.238084
12,18,0,1,5.170909
6,50,0,0,12.01073
6,33,0,0,7.186437
10,39,0,1,5.265741
15,5,1,1,14.25132
17,20,1,0,21.75019
12,14,0,0,6.7255
10,23,0,0,7.801667
10,35,0,0,7.807693
10,24,0,1,10.62546
10,42,0,1,4.465747
17,19,1,1,16.98046
10,10,0,0,8.785919
6,28,0,1,5.231449
12,6,0,0,8.298736
10,29,0,1,19.26356
10,9,0,0,7.137643
6,40,0,1,4.070977
14,13,0,0,12.26328
10,22,0,0,13.37221
14,28,0,0,10.02299
12,17,0,0,18.63425
14,12,0,1,5.094979
14,14,0,1,7.495501
14,9,0,1,11.45144
17,23,1,1,15.20856
10,45,0,0,6.283178
17,12,1,0,33.52489
14,8,0,0,4.44839
10,7,0,0,5.460632
6,51,0,1,7.014206
10,27,0,0,7.46046
15,11,1,1,6.850421
15,12,1,1,13.25046
10,8,0,1,5.158974
10,16,0,0,7.784023
17,29,1,0,23.2219
12,33,0,0,14.04943
6,42,0,0,14.41146
12,20,0,0,6.465517
10,31,0,0,6.301554
12,32,0,0,19.02512
12,27,0,0,5.822299
12,23,0,1,21.26293
10,34,0,1,7.102069
18,18,1,1,20.7748
12,42,0,0,20.30144
6,16,0,0,5.199828
6,15,0,1,5.913793
6,46,0,1,4.159248
15,6,1,0,11.15908
15,14,1,0,16.66138
17,13,1,1,8.373639
17,11,1,0,14.05989
15,5,1,1,7.529368
14,31,0,0,11.94385
12,29,0,0,26.28339
12,27,0,0,12.26945
6,41,0,1,8.3311
10,25,0,0,11.10266
15,14,1,0,10.75793
10,32,0,1,7.589023
10,42,0,0,17.08115
10,19,0,0,5.470179
17,8,1,0,14.84943
6,15,0,0,6.363793
14,22,0,0,10.18684
17,11,1,0,22.57799
10,21,0,1,10.05524
6,27,0,1,5.356494
17,34,1,0,13.74299
15,16,1,1,20.13892
15,24,1,0,26.20257
17,11,1,1,14.78904
17,10,1,1,16.58891
17,14,1,0,15.60478
17,17,1,0,20.86914
15,14,1,1,12.96386
6,23,0,1,5.37023
12,41,0,0,7.691494
12,32,0,0,16.43684
17,15,1,1,12.72701
10,5,0,0,4.31421
17,5,1,1,5.643678
12,28,0,0,11.82688
17,23,1,1,23.24191
6,29,0,0,7.472356
17,10,1,1,7.385353
17,31,1,0,10.21839
15,17,1,1,13.20478
6,32,0,0,12.37726
17,4,1,1,16.42034
12,31,0,0,61.15856
12,15,0,0,7.222874
15,30,1,0,24.26556
6,23,0,1,7.500301
12,8,0,0,7.129089
10,16,0,1,6.30454
10,27,0,1,7.699616
6,10,0,0,8.434483
17,10,1,0,59.14305
10,17,0,0,7.623707
14,19,0,0,6.065574
10,30,0,0,12.6825
15,32,1,0,16.47828
17,18,1,0,9.934265
12,13,0,0,10.6441
12,26,0,1,16.08162
10,25,0,0,6.26092
10,26,0,0,16.86728
17,11,1,0,12.30878
12,18,0,0,17.52971
12,25,0,0,6.977298
14,30,0,1,11.33235
15,18,1,1,4.635862
18,40,1,0,6.269119
10,20,0,0,6.556091
15,33,1,1,18.68052
10,33,0,0,6.851494
14,9,0,1,7.74882
10,7,0,1,5.606437
10,48,0,0,4.716437
15,7,1,1,15.02319
6,37,0,0,6.544887
12,9,0,1,11.1645
12,46,0,0,26.82414
12,28,0,1,12.42885
17,32,1,1,17.62822
17,8,1,1,14.77241
17,12,1,1,17.22975
17,15,1,0,25.76845
15,18,1,0,25.99688
10,25,0,0,12.04655
10,9,0,0,7.971264
10,23,0,0,8.735869
15,16,1,0,11.48425
12,27,0,1,6.179099
17,22,1,1,22.43483
10,10,0,0,8.299655
10,12,0,0,9.628621
10,16,0,0,9.762562
10,6,0,0,7.128161
14,11,0,0,6.896552
12,21,0,1,5.898704
10,7,0,0,5.921321
10,9,0,1,7.962989
12,15,0,1,9.419157
10,28,0,0,5.190862
10,41,0,0,8.702184
10,6,0,1,5.31454
14,0,0,1,4.225057
17,7,1,0,21.71994
17,16,1,1,8.82954
12,30,0,1,10.91954
15,36,1,0,14.5292
17,35,1,0,35.76351
6,30,0,1,9.163448
17,5,1,0,11.38713
14,13,0,1,11.79245
12,28,0,0,6.85638
12,32,0,0,20.80459
6,16,0,0,11.18069
6,22,0,0,6.419138
15,39,1,0,11.95279
12,19,0,1,8.358506
14,35,0,0,7.708295
10,19,0,0,16.59817
10,36,0,0,9.850863
17,36,1,0,23.22299
10,26,0,1,8.985402
10,9,0,1,8.187471
6,25,0,1,6.184484
15,20,1,0,12.29339
17,17,1,1,15.37938
10,38,0,0,11.19075
15,14,1,1,10.83854
10,40,0,0,6.897816
14,22,0,0,11.61928
6,36,0,0,15.94496
10,15,0,1,5.001552
10,43,0,0,12.54724
10,29,0,1,10.22299
14,29,0,0,13.39023
14,23,0,0,7.772357
12,33,0,0,14.10923
15,9,1,1,5.295255
15,11,1,0,12.6364
10,20,0,1,9.862471
6,24,0,0,6.413793
17,34,1,0,30.78431
12,40,0,1,9.895259
10,24,0,0,6.207184
14,36,0,0,12.18132
10,12,0,0,6.772586
15,6,1,1,6.015747
10,16,0,1,5.537471
12,20,0,0,8.658735
6,34,0,1,4.632225
6,37,0,1,11.50511
12,34,0,0,14.46976
10,39,0,0,11.36328
10,32,0,1,6.889713
6,26,0,0,9.732184
14,27,0,0,11.22764
10,33,0,1,5.268851
10,34,0,1,8.347525
10,3,0,0,7.730517
10,25,0,0,5.718218
12,21,0,0,15.66362
14,12,0,0,8.869426
12,41,0,1,12.15013
12,8,0,0,9.494138
10,39,0,1,6.838391
6,35,0,0,7.665207
14,11,0,1,9.519827
12,32,0,0,22.37546
12,26,0,0,20.11456
10,19,0,1,8.274655
10,12,0,0,9.80046
10,24,0,0,11.82891
6,13,0,0,7.455173
17,9,1,0,47.6189
6,25,0,0,12.47098
12,37,0,0,16.24171
12,12,0,0,5.212414
12,47,0,0,11.73108
10,17,0,0,10.96029
12,28,0,1,32.25793
6,37,0,1,6.287299
10,23,0,0,10.11957
10,6,0,0,6.3139
10,16,0,0,9.940407
6,45,0,0,7.331724
6,26,0,1,4.195977
10,13,0,0,9.103448
12,17,0,0,11.95355
12,30,0,0,34.89839
12,18,0,0,19.96304
12,23,0,0,9.961494
6,33,0,0,10.23514
10,18,0,0,9.367184
6,32,0,1,5.694253
14,13,0,0,12.86104
12,29,0,1,5.080287
6,23,0,0,8.558276
17,24,1,0,34.84494
15,11,1,1,12.12839
12,4,0,1,7.329655
10,20,0,0,9.987069
15,22,1,1,23.15435
17,14,1,1,10.49729
17,15,1,1,21.22982
17,37,1,1,9.971379
17,12,1,1,16.45127
15,6,1,1,12.31529
10,6,0,1,5.498621
6,15,0,0,6.718448
14,13,0,0,6.612816
10,29,0,0,8.944225
10,23,0,0,15.76845
17,6,1,0,17.12379
10,39,0,1,4.929042
12,9,0,0,6.053763
10,20,0,1,7.614655
6,23,0,0,5.548275
10,10,0,0,34.93295
17,2,1,0,13.64943
6,23,0,1,7.580115
14,33,0,0,27.71132
14,13,0,0,5.05023
12,35,0,1,8.638965
14,5,0,1,7.184886
10,15,0,0,10.59328
12,10,0,0,14.3177
10,30,0,1,15.32567
17,20,1,1,86.66302
10,36,0,1,9.275034
10,20,0,0,7.486322
12,38,0,1,16.26654
12,12,0,1,11.34387
10,31,0,0,11.41132
6,47,0,0,9.264598
12,35,0,0,36.78828
10,27,0,1,6.468046
12,36,0,1,9.154813
6,42,0,1,5.750517
6,41,0,0,11.6537
12,19,0,0,10.54776
10,9,0,0,9.87908
12,27,0,1,8.500747
10,25,0,0,6.908793
6,53,0,0,16.93081
6,31,0,0,4.342857
14,26,0,0,11.43879
17,6,1,0,13.03811
12,38,0,0,5.574943
10,32,0,1,5.028736
12,21,0,0,14.77833
14,31,0,1,9.525575
14,22,0,0,11.51879
12,8,0,0,9.471718
10,7,0,1,5.501806
15,13,1,0,19.21328
17,10,1,0,7.385353
12,23,0,0,7.666667
17,8,1,0,11.90477
10,40,0,0,14.4957
10,14,0,0,6.82546
0,39,0,1,14.35319
6,23,0,0,6.095632
17,28,1,0,17.04586
10,22,0,0,7.920517
12,26,0,0,8.304098
6,48,0,0,13.54948
12,31,0,0,18.1157
10,20,0,0,10.80006
17,9,1,0,24.7137
12,29,0,1,9.674877
12,16,0,1,6.012069
10,18,0,0,14.78318
12,3,0,1,4.06385
17,37,1,0,22.12339
12,34,0,1,14.72515
14,31,0,0,19.64339
10,22,0,0,6.297931
17,12,1,0,7.477299
10,12,0,0,7.06069
6,38,0,1,7.864885
6,19,0,1,7.142644
6,17,0,0,7.262701
17,6,1,1,9.01174
12,39,0,0,12.55557
12,17,0,0,13.43413
17,4,1,0,16.225
14,20,0,0,5.571648
15,7,1,1,13.46208
6,38,0,0,11.85115
10,23,0,0,5.840632
10,40,0,0,12.86455
17,3,1,0,14.37322
14,27,0,0,13.19494
12,33,0,0,21.95609
15,19,1,1,18.47828
10,35,0,0,9.195402
10,15,0,0,10.88718
10,14,0,1,5.14038
10,25,0,0,7.977799
6,24,0,1,39.16931
6,14,0,0,10.3046
17,2,1,0,10.2627
15,33,1,0,26.04283
12,29,0,0,9.076207
10,30,0,0,7.789827
12,31,0,0,8.379425
12,26,0,1,6.212644
17,40,1,0,54.26793
6,36,0,0,19.85253
17,21,1,0,10.82234
10,17,0,0,10.72822
18,5,1,0,16.42036
15,22,1,0,12.54006
6,35,0,0,12.60828
12,49,0,0,27.58454
12,16,0,0,9.956897
12,38,0,0,15.62891
17,1,1,1,11.65971
10,39,0,0,12.43092
15,7,1,1,16.15534
12,12,0,0,9.357461
12,35,0,0,11.21224
17,20,1,0,15.28178
12,33,0,1,11.6842
6,44,0,0,11.30132
6,31,0,1,9.997241
17,12,1,0,13.98811
17,5,1,0,7.107989
10,24,0,0,6.970173
6,25,0,1,4.261264
6,10,0,1,6.914713
15,20,1,0,11.27756
10,32,0,0,8.075215
10,33,0,0,17.12944
15,15,1,0,21.16506
10,22,0,1,4.761573
14,15,0,1,12.31647
14,27,0,0,18.84913
6,17,0,0,6.602701
10,14,0,0,5.451724
14,8,0,1,10.58086
6,36,0,0,6.678161
15,25,1,0,31.84843
6,33,0,0,6.79454
6,31,0,0,15.08966
10,23,0,1,11.40134
14,6,0,1,6.199253
15,24,1,1,8.285632
6,18,0,0,7.091321
6,25,0,0,5.879827
12,41,0,0,16.2623
14,9,0,0,8.269253
10,43,0,1,9.712644
12,8,0,0,7.963908
12,29,0,1,29.65958
12,16,0,0,8.54
14,21,0,0,10.53247
17,22,1,1,17.76079
12,13,0,0,6.570575
10,36,0,0,16.17506
12,22,0,0,9.002011
12,26,0,1,9.552381
12,13,0,1,7.844138
10,34,0,0,7.871494
6,26,0,0,6.901321
12,37,0,1,9.299507
12,39,0,0,19.89552
12,29,0,0,19.12966
17,26,1,1,69.44443
10,13,0,1,5.509943
10,30,0,0,5.657184
17,10,1,1,7.115468
6,26,0,0,9.188908
10,36,0,0,10.34291
12,41,0,1,11.36298
14,17,0,0,11.99201
17,14,1,1,7.828637
10,27,0,0,7.619253
10,10,0,1,7.364139
14,7,0,0,9.785402
12,21,0,1,10.8423
12,4,0,1,5.751667
10,29,0,0,17.65687
10,11,0,0,6.636667
10,28,0,1,8.389112
12,36,0,0,12.74046
0,39,0,1,20.60285
10,36,0,0,6.474023
12,29,0,0,17.65684
12,35,0,1,7.352414
6,27,0,0,10.8008
6,30,0,1,5.502356
17,20,1,1,25.92795
10,19,0,1,6.035402
10,20,0,0,16.38995
17,5,1,1,8.620689
12,40,0,0,8.644597
10,30,0,1,19.00591
17,23,1,1,27.94036
6,30,0,0,17.97483
10,16,0,0,7.942529
12,4,0,0,11.5613
15,23,1,1,18.84862
6,13,0,0,7.887874
17,18,1,1,18.2781
12,15,0,0,9.428506
12,28,0,0,76.59678
15,22,1,0,24.9905
6,37,0,0,6.544885
15,2,1,0,7.050575
17,4,1,1,12.2127
17,37,1,1,19.0654
15,29,1,1,19.06824
17,25,1,1,34.98979
12,9,0,1,10.52585
12,13,0,0,6.792931
6,41,0,0,22.86141
14,6,0,0,11.5673
17,4,1,1,7.271667
12,28,0,1,12.74012
12,7,0,1,4.578104
15,25,1,0,16.71039
12,13,0,0,15.40067
6,25,0,0,10.66931
17,27,1,0,15.46246
6,34,0,0,8.402644
12,10,0,0,6.261724
15,9,1,0,12.36862
15,38,1,0,18.35057
12,18,0,0,5.992643
14,21,0,1,7.709096
12,36,0,1,15.15902
17,15,1,1,6.392262
17,14,1,0,24.55747
15,9,1,1,11.6833
6,47,0,0,7.081897
17,0,1,1,10.39956
10,29,0,1,6.585913
10,24,0,1,6.630787
6,20,0,0,7.861609
17,17,1,0,13.81845
12,38,0,0,10.09455
12,30,0,0,15.11228
15,5,1,0,5.583333
17,19,1,1,22.6991
14,34,0,0,11.70989
14,10,0,1,8.830747
17,18,1,0,6.154713
14,24,0,1,5.657816
17,6,1,1,8.156782
12,20,0,1,7.294725
10,44,0,0,7.819311
14,8,0,0,8.567554
15,16,1,1,8.05592
10,35,0,1,4.924046
15,27,1,0,15.33333
17,9,1,0,6.800172
17,10,1,1,16.04317
12,24,0,1,7.067644
15,14,1,1,15.18885
10,19,0,1,6.304039
0,27,0,1,28.5514
10,35,0,1,5.892241
6,16,0,1,6.124253
12,9,0,0,9.405345
12,37,0,1,8.871954
14,20,0,0,9.312072
12,29,0,0,17.15151
14,30,0,0,15.86164
17,18,1,0,16.08803
10,37,0,0,18.14514
17,15,1,0,36.11851
10,17,0,0,6.170345
6,17,0,0,6.899713
15,36,1,0,14.14067
12,29,0,1,11.26667
14,29,0,0,14.33471
10,42,0,0,11.64977
10,9,0,0,14.02874
10,23,0,1,6.331781
12,25,0,0,15.64144
15,19,1,0,10.73718
6,46,0,0,9.248334
15,6,1,1,12.95222
14,17,0,0,10.69615
15,11,1,0,12.79897
12,28,0,0,13.42425
17,23,1,0,30.89749
10,30,0,1,5.413046
14,3,0,1,5.477454
10,35,0,0,8.246839
6,35,0,1,4.965596
17,9,1,1,10.7146
17,33,1,1,15.05665
17,13,1,1,37.60893
12,40,0,0,16.45353
10,19,0,0,5.054771
12,18,0,1,7.411897
10,27,0,0,14.52156
17,12,1,1,9.195402
10,8,0,0,8.313908
0,27,0,1,14.62644
6,34,0,1,6.114943
15,13,1,1,18.95606
12,29,0,1,19.68339
10,19,0,1,6.729885
10,36,0,0,10.85444
10,35,0,1,6.990459
14,8,0,0,11.76695
17,21,1,0,19.70115
6,38,0,1,7.827356
17,21,1,1,14.59977
12,36,0,0,15.4717
10,31,0,0,9.884305
17,26,1,0,24.80436
6,32,0,1,10.00565
15,13,1,1,11.29132
17,7,1,0,9.134712
12,25,0,0,14.61294
14,33,0,1,10.90207
10,5,0,1,4.109425
12,28,0,0,12.4246
0,33,0,1,5.354023
10,19,0,0,9.455689
15,14,1,0,10.31328
17,13,1,1,23.25335
12,20,0,0,13.68539
6,34,0,0,5.389885
10,8,0,0,6.484713
14,10,0,0,4.892701
12,29,0,1,12.30029
6,37,0,0,9.944483
12,17,0,1,6.655172
10,35,0,0,16.10927
10,25,0,1,5.914195
6,29,0,1,6.126091
6,34,0,0,7.874712
14,11,0,0,11.44897
6,43,0,1,3.760345
14,9,0,0,10.89661
6,38,0,0,14.64958
15,22,1,1,5.38
14,8,0,1,4.961992
12,20,0,0,11.3069
14,20,0,0,11.76724
17,10,1,0,18.89425
6,41,0,1,7.777011
12,31,0,1,5.393793
6,34,0,1,6.170049
12,19,0,0,10.86351
10,7,0,0,5.688621
12,22,0,0,8.679137
12,15,0,1,6.829303
12,15,0,0,11.03719
6,12,0,1,5.616149
10,10,0,0,5.726035
14,18,0,0,10.09206
12,46,0,1,13.05632
17,13,1,0,13.01808
12,14,0,0,11.17816
10,33,0,1,7.355516
17,6,1,0,10.86207
10,12,0,0,17.78201
15,10,1,0,10.0981
10,13,0,0,5.701667
6,12,0,0,7.667414
10,19,0,0,8.673046
17,5,1,1,15.83002
17,22,1,1,23.34529
6,20,0,1,5.547586
6,23,0,1,9.188679
15,36,1,0,22.27081
10,28,0,0,39.99942
17,23,1,0,18.57512
17,3,1,1,12.71172
15,6,1,0,17.19983
10,25,0,1,6.111073
12,28,0,0,22.29487
10,29,0,0,7.533103
17,29,1,0,37.21949
17,11,1,0,18.32787
17,11,1,0,14.16813
6,20,0,0,7.236551
12,5,0,1,6.211034
14,25,0,0,10.53328
17,16,1,1,18.31497
17,18,1,0,37.66167
15,15,1,1,12.57586
10,43,0,0,40
14,25,0,1,8.261667
6,50,0,0,11.00728
12,8,0,1,7.405409
14,8,0,0,11.04506
6,42,0,1,5.892529
17,18,1,1,21.83957
12,12,0,1,11.17464
10,15,0,1,7.476268
10,24,0,1,8.091341
12,30,0,0,6.030769
14,27,0,0,13.35724
17,8,1,0,7.570881
12,32,0,1,12.59127
6,11,0,0,8.766092
6,40,0,0,6.533161
15,10,1,0,12.78172
10,22,0,0,12.56956
10,26,0,0,6.309253
17,9,1,1,13.88885
12,11,0,0,15.03494
6,31,0,1,7.406322
15,11,1,1,22.49931
12,44,0,1,14.33477
0,36,0,0,22.30682
12,24,0,1,5.507241
14,23,0,0,7.682759
15,29,1,0,25.70368
10,28,0,0,14.05302
10,8,0,0,4.525862
15,19,1,1,14.02795
14,7,0,0,6.892471
10,47,0,1,4.563219
15,14,1,1,9.852242
15,22,1,1,13.94697
10,17,0,0,10.20224
15,31,1,1,10.16754
10,24,0,0,8.475223
0,48,0,0,23.97241
10,17,0,0,7.693218
10,28,0,1,4.455939
10,22,0,1,7.471264
10,11,0,0,10.38622
6,21,0,1,8.20138
17,5,1,0,8.772242
12,19,0,0,25.72603
10,36,0,0,10.19862
10,23,0,0,14.4359
10,14,0,0,7.229138
15,6,1,1,8.038506
17,39,1,1,31.55011
10,31,0,0,11.1659
10,29,0,0,15.91954
6,33,0,1,6.187402
10,14,0,0,5.187758
12,39,0,0,13.76626
6,32,0,0,13.82282
10,44,0,1,6.301274
10,28,0,0,6.951782
12,18,0,0,11.22408
12,18,0,0,15.54035
6,41,0,1,7.078966
17,15,1,0,19.99514
6,30,0,1,6.203046
17,14,1,1,17.6696
12,44,0,1,9.744184
12,23,0,1,8.882631
6,39,0,0,6.408448
6,36,0,1,4.197989
12,14,0,1,4.959425
15,18,1,1,10.19525
10,22,0,0,6.656209
17,14,1,1,25.94751
12,26,0,1,15.67718
12,22,0,1,6.59454
12,23,0,0,13.21447
17,22,1,0,22.98851
17,2,1,1,6.364928
17,8,1,1,9.648678
14,17,0,0,8.617184
6,24,0,0,7.686437
10,35,0,1,7.739828
18,18,1,0,8.911878
17,5,1,1,11.01534
17,9,1,0,35.72925
6,52,0,0,13.43172
17,4,1,0,10.35511
17,39,1,0,45.434
6,39,0,1,6.451839
14,4,0,0,5.919023
6,17,0,0,8.436
15,12,1,0,13.18799
10,30,0,0,4.310345
15,3,1,1,4.91
10,18,0,0,8.413161
17,20,1,1,18.66529
15,8,1,0,9.498413
6,17,0,0,10.34632
17,21,1,1,23.60517
17,22,1,1,7.364541
14,12,0,0,6.492136
12,12,0,0,6.916609
10,18,0,1,5.530345
14,27,0,1,13.3973
10,4,0,1,6.01228
12,24,0,0,9.712644
10,34,0,0,7.100173
14,8,0,1,5.35954
14,6,0,0,5.192357
17,15,1,1,7.184425
14,23,0,0,16.40934
10,34,0,0,7.652938
12,11,0,0,5.421724
12,27,0,0,20.6389
14,23,0,1,11.47632
14,28,0,1,11.34443
17,18,1,0,7.709713
6,48,0,0,10.52063
12,27,0,1,14.4446
10,33,0,0,9.653046
15,16,1,1,8.390069
10,20,0,0,13.52572
10,25,0,0,6.977816
6,22,0,1,7.74046
17,11,1,1,14.52322
10,21,0,1,4.982011
17,14,1,0,41.94669
10,27,0,0,4.489527
10,13,0,0,6.102931
14,7,0,0,7.384865
17,4,1,1,7.512337
17,20,1,1,24.94893
17,9,1,1,5.93046
17,16,1,1,9.838448
17,10,1,0,8.584368
17,9,1,1,11.25287
10,19,0,1,5.727299
17,26,1,0,11.72971
12,10,0,1,7.645345
10,24,0,0,8.098018
12,30,0,0,30.3444
17,1,1,1,9.105024
10,11,0,0,7.728559
6,11,0,1,7.124712
6,21,0,0,8.850782
17,8,1,0,18.14297
15,44,1,0,13.07074
15,7,1,0,11.3554
15,21,1,1,9.250862
6,19,0,0,13.83783
12,20,0,0,7.590115
10,44,0,1,8.470279
6,35,0,0,8.148448
12,15,0,1,8.630057
12,29,0,1,6.775805
10,26,0,1,7.044713
10,22,0,0,7.183908
17,13,1,1,19.46833
17,14,1,0,16.20642
10,37,0,0,8.275114
17,21,1,0,31.43696
12,12,0,0,6.96569
6,15,0,1,5.101609
6,42,0,0,11.48994
14,9,0,0,12.14109
17,11,1,0,11.38075
10,36,0,1,9.463277
10,40,0,0,17.17805
15,3,1,0,9.527184
12,15,0,1,7.516896
15,10,1,0,13.40276
15,8,1,0,14.5587
10,36,0,1,9.354196
15,15,1,1,19.81088
17,16,1,1,12.83251
17,21,1,0,22.62476
17,42,1,0,30.3254
17,30,1,1,8.821724
6,19,0,1,5.097816
12,10,0,0,7.869425
17,26,1,0,157.7559
17,20,1,0,21.55571
15,11,1,1,12.54299
10,34,0,1,7.618046
10,5,0,0,7.683908
10,43,0,1,9.052399
6,24,0,0,4.366897
6,41,0,0,9.823218
10,26,0,0,10.41052
10,28,0,1,6.431897
15,4,1,1,10.17718
15,24,1,0,18.95054
10,33,0,0,6.688334
14,29,0,1,6.655939
12,18,0,1,10.45563
17,10,1,1,12.43268
6,39,0,1,6.013219
14,30,0,1,9.821839
15,11,1,1,8.620632
12,4,0,0,6.46
6,22,0,0,10.12195
17,11,1,0,15.38736
17,14,1,0,16.77701
12,17,0,1,5.25023
6,23,0,1,6.67569
10,48,0,0,8.411092
12,15,0,1,10.6373
14,17,0,1,11.33688
6,51,0,0,14.44272
12,28,0,0,7.208971
10,30,0,1,10.93305
17,8,1,1,14.01065
15,7,1,0,7.382586
17,26,1,1,14.51114
15,16,1,1,8.620689
12,27,0,1,11.56145
6,44,0,0,6.721012
10,22,0,0,6.25977
17,5,1,0,14.84074
12,28,0,0,63.32355
14,16,0,0,29.37167
12,21,0,0,10.55486
10,39,0,1,9.597855
12,6,0,0,7.677989
14,30,0,0,13.48937
17,14,1,1,10.67322
12,21,0,1,6.482759
6,52,0,0,23.859
15,13,1,0,11.02224
10,28,0,0,8.021839
12,17,0,1,15.14598
17,4,1,1,11.32921
10,12,0,0,7.128161
10,17,0,1,4.192644
14,11,0,1,6.944425
12,36,0,1,14.60166
10,12,0,0,12.08317
6,27,0,0,5.59592
14,14,0,0,30.90982
14,15,0,0,17.27718
14,7,0,1,8.8945
10,44,0,0,16.19511
17,10,1,1,9.852951
12,26,0,1,12.23997
6,22,0,0,10.51741
6,38,0,1,5.387356
17,21,1,0,10.67534
10,20,0,1,7.504917
12,7,0,1,10.73172
10,23,0,1,5.171207
10,27,0,0,7.171552
12,9,0,1,9.259425
17,22,1,0,76.62839
10,7,0,1,6.377011
15,12,1,1,14.52874
10,10,0,0,8.199597
10,7,0,0,12.02833
6,50,0,0,8.208621
10,13,0,1,4.372874
10,28,0,0,11.23805
17,13,1,1,10.39036
17,24,1,1,12.80788
12,18,0,1,10.74318
12,24,0,0,21.78141
15,7,1,0,6.893446
14,7,0,0,14.35341
12,20,0,0,11.49856
6,21,0,0,7.387989
15,25,1,1,23.25992
10,21,0,0,4.694655
10,24,0,0,8.228908
14,15,0,0,22.36874
10,4,0,0,4.232031
10,8,0,1,4.289049
10,13,0,0,11.59504
17,1,1,0,8.326708
10,15,0,1,6.020402
6,46,0,0,5.773219
10,23,0,0,7.948873
12,8,0,0,7.743383
18,13,1,0,12.83408
6,13,0,1,7.03194
14,27,0,0,5.610919
10,23,0,0,13.05584
10,13,0,1,7.90249
12,24,0,0,18.4127
6,15,0,1,7.231632
10,24,0,0,18.04061
12,8,0,0,8.07977
17,12,1,0,17.24138
6,20,0,1,6.22069
10,16,0,1,7.255173
10,27,0,0,9.385869
15,7,1,0,12.87368
6,30,0,0,9.965115
15,10,1,1,6.574713
17,31,1,0,24.73806
12,17,0,1,9.128013
6,41,0,0,16.60822
15,8,1,1,13.6911
6,32,0,1,6.843119
15,25,1,0,10.99535
12,25,0,0,12.83092
10,36,0,0,7.354196
15,10,1,1,13.98784
12,34,0,0,7.713678
10,22,0,0,4.798529
12,3,0,1,7.500536
12,40,0,0,6.582069
6,34,0,0,9.565862
10,28,0,0,13.45109
10,24,0,1,5.630977
10,15,0,0,6.710977
14,12,0,0,9.998914
10,14,0,0,8.939253
15,6,1,1,13.22877
12,5,0,0,5.565194
6,15,0,0,7.988736
12,21,0,0,9.785058
17,16,1,0,11.87069
12,25,0,1,8.863046
17,29,1,1,22.17057
10,25,0,1,5.761389
14,29,0,1,12.41442
6,30,0,1,4.840731
6,36,0,0,10.08611
10,28,0,0,11.82891
10,14,0,0,11.02879
12,28,0,0,9.281533
10,5,0,1,5.653355
6,36,0,0,16.519
12,23,0,1,7.476781
6,13,0,0,10.36979
12,37,0,0,13.15073
6,28,0,0,6.746724
12,15,0,1,7.14647
6,40,0,0,8.15454
6,44,0,0,9.767587
14,11,0,1,9.273621
6,28,0,1,6.938506
12,21,0,1,9.963325
10,21,0,1,7.7318
10,22,0,1,7.923262
6,40,0,0,18.0031
10,20,0,0,14.75264
0,16,0,1,4.938103
10,28,0,0,12.67421
10,14,0,0,8.972142
10,22,0,0,6.701724
15,7,1,1,6.546718
0,48,0,1,30.68663
17,7,1,0,21.28563
10,20,0,1,7.823401
12,24,0,1,7.47249
15,8,1,1,20.93231
15,36,1,0,92.17224
12,29,0,1,8.993621
14,7,0,1,7.404597
10,37,0,1,12.0821
12,26,0,0,17.61425
12,23,0,1,9.591571
10,8,0,0,4.506963
17,19,1,1,6.92594
6,34,0,0,6.926897
14,32,0,1,11.81291
17,37,1,0,18.92328
15,7,1,0,13.80671
15,37,1,1,17.26678
12,11,0,0,14.17616
17,22,1,0,18.42345
14,19,0,0,9.117119
6,33,0,0,11.53448
18,8,1,1,14.30594
6,24,0,0,6.034483
17,12,1,1,14.05971
10,20,0,0,12.2242
6,51,0,0,8.889867
14,16,0,0,18.59638
14,7,0,0,8.893563
6,20,0,1,8.926208
10,22,0,0,12.91686
10,20,0,1,6.403219
10,16,0,1,8.272758
10,3,0,0,5.63523
10,52,0,1,12.77816
10,16,0,1,6.796966
17,34,1,0,22.25705
10,34,0,0,8.972012
17,16,1,0,10.38811
17,9,1,1,7.533391
12,21,0,0,7.183333
10,25,0,0,7.09477
14,7,0,0,22.84397
6,13,0,0,6.343046
12,8,0,0,12.7927
17,21,1,1,19.87077
10,8,0,1,7.268302
15,16,1,1,20.62897
12,12,0,1,9.410278
6,24,0,1,7.180953
6,28,0,0,11.79469
17,21,1,0,34.67238
12,27,0,0,14.64017
10,18,0,0,16.44639
15,21,1,1,19.56539
10,2,0,0,4.967011
14,8,0,0,13.66552
10,20,0,1,10.42032
10,6,0,1,7.128972
12,17,0,1,10.7468
15,32,1,1,11.86667
6,24,0,0,12.29621
10,30,0,0,12.32621
12,12,0,1,8.044081
12,19,0,1,9.873879
12,31,0,1,17.40657
10,24,0,0,9.673382
6,32,0,0,14.60362
12,40,0,0,25.87247
15,20,1,1,9.990862
12,41,0,0,9.139639
12,16,0,0,11.08328
6,8,0,0,9.610818
12,17,0,0,12.05275
10,19,0,0,7.292817
12,6,0,0,7.364655
6,12,0,1,6.75532
12,32,0,1,6.876322
17,18,1,0,13.59988
14,6,0,0,7.787638
12,19,0,1,9.129113
14,13,0,1,18.79825
14,21,0,0,9.156404
6,21,0,0,15.43115
12,13,0,0,8.976464
10,46,0,0,11.68812
12,15,0,1,9.061378
15,28,1,1,11.39707
17,15,1,1,6.240849
6,35,0,1,8.009195
12,6,0,1,11.13517
15,15,1,0,17.46701
17,23,1,0,15.9293
12,15,0,0,7.024024
10,43,0,0,9.875948
17,10,1,0,7.164368
17,7,1,1,8.552903
10,23,0,0,6.483737
10,11,0,0,10.6958
0,44,0,0,12.05632
14,16,0,1,9.270517
12,25,0,0,12.85081
12,6,0,1,7.42774
10,32,0,0,8.495173
14,8,0,1,10.51839
10,27,0,1,5.500805
17,9,1,1,7.932668
10,29,0,0,7.587433
17,34,1,1,15.31577
15,18,1,0,27.49322
12,20,0,0,21.25833
17,19,1,1,14.56981
15,16,1,1,18.33513
10,22,0,1,9.488307
12,35,0,0,42.85945
17,12,1,0,10.10431
17,32,1,0,20.01437
12,42,0,0,25.36345
12,25,0,1,4.721782
12,28,0,1,13.70993
6,36,0,1,5.516954
10,15,0,0,10.64724
12,18,0,0,15.2158
17,10,1,0,14.70569
10,25,0,1,10.18098
10,30,0,0,15.35917
10,15,0,0,7.485977
17,10,1,0,13.52011
17,31,1,0,56.15981
10,40,0,1,18.87494
14,10,0,0,18.60425
17,19,1,0,24.74718
10,40,0,0,14.93441
15,7,1,1,9.008736
14,5,0,0,16.09954
10,43,0,1,8.994491
6,19,0,1,4.147126
17,34,1,1,20.16441
10,8,0,0,7.201762
14,23,0,0,4.291149
10,37,0,1,9.95308
12,14,0,0,8.553333
12,13,0,1,16.26692
14,16,0,0,13.41848
10,17,0,1,10.59099
6,42,0,0,16.03444
14,18,0,0,10.05747
12,31,0,0,19.71354
17,11,1,1,20.05943
17,10,1,0,27.52099
14,42,0,0,29.70218
6,51,0,0,7.090038
6,47,0,0,11.83966
6,42,0,0,10.78404
12,11,0,1,6.807529
15,10,1,1,6.256552
14,20,0,1,15.29178
10,31,0,1,6.588161
6,24,0,1,5.75
10,21,0,0,9.124426
10,30,0,0,10.05126
10,28,0,1,11.07803
14,23,0,0,6.875862
6,14,0,0,4.430574
12,32,0,0,11.70876
17,17,1,1,22.15108
14,23,0,1,6.646667
17,13,1,0,17.08438
15,4,1,1,15.07053
10,35,0,1,8.969502
17,16,1,0,12.1996
12,17,0,0,7.345442
6,38,0,1,5.696724
12,40,0,1,19.86942
17,19,1,1,21.3112
6,42,0,0,22.40649
15,8,1,1,14.41143
14,16,0,0,10.67425
12,25,0,0,11.10581
15,10,1,1,8.733398
12,3,0,0,6.885747
6,27,0,1,11.70851
17,36,1,0,53.06374
14,10,0,1,6.308161
10,16,0,0,10.61448
14,2,0,1,8.412644
10,25,0,0,8.077873
17,18,1,0,15.22152
14,13,0,0,10.13816
10,24,0,0,6.455
6,25,0,0,5.49059
15,29,1,1,23.07652
6,51,0,0,18.83333
6,41,0,0,12.31356
10,16,0,0,6.027069
10,37,0,0,11.66483
10,22,0,1,6.413333
17,7,1,0,9.410614
6,33,0,1,11.2777
6,17,0,1,7.830213
17,20,1,0,51.08559
10,16,0,0,8.239943
17,6,1,0,22.28512
12,15,0,1,5.227471
17,20,1,0,33.52489
12,46,0,0,12.4427
6,9,0,1,5.871724
17,20,1,0,12.63443
15,9,1,1,8.523908
10,26,0,1,5.817529
14,7,0,0,14.0622
6,19,0,0,7.050138
6,14,0,1,6.123793
12,30,0,0,15.49214
10,33,0,1,7.326227
17,14,1,0,9.260803
17,14,1,0,17.44253
12,16,0,1,8.358418
6,29,0,0,13.58333
17,10,1,0,16.67162
12,21,0,0,14.37456
12,8,0,1,12.21264
15,16,1,1,14.17307
12,33,0,0,10.43523
15,4,1,1,9.41836
12,19,0,1,4.925632
17,10,1,0,13.7573
14,21,0,0,7.511035
12,30,0,0,6.908161
6,40,0,1,9.742126
10,11,0,1,6.613333
12,22,0,0,9.103161
12,33,0,1,10.92868
12,30,0,0,10.11937
10,24,0,1,5.811746
10,15,0,1,6.440166
17,9,1,0,10.2392
6,40,0,0,6.619483
12,7,0,1,7.354712
12,29,0,0,7.47546
12,37,0,0,21.32867
15,38,1,0,17.09002
12,21,0,1,10.83908
10,9,0,0,8.673889
17,8,1,1,9.052701
12,20,0,0,6.429425
6,41,0,0,9.086092
6,9,0,0,4.055156
10,17,0,0,14.64822
10,28,0,1,5.861724
12,11,0,0,9.124713
17,14,1,0,12.01762
10,42,0,1,10.11934
17,11,1,0,8.207693
12,8,0,0,6.823851
14,34,0,1,6.786734
17,10,1,0,14.60099
10,44,0,0,10.76816
10,7,0,0,9.925287
17,22,1,1,36.91756
6,19,0,0,11.36201
12,34,0,1,13.94496
10,32,0,0,8.216035
17,11,1,1,6.314626
12,20,0,0,8.953418
15,10,1,1,9.035689
6,23,0,0,5.906034
12,10,0,1,6.552012
6,50,0,0,21.13326
17,0,1,0,15.02517
12,19,0,1,9.124253
10,42,0,0,7.48546
10,31,0,1,12.29195
6,40,0,1,6.257701
14,6,0,0,4.65431
12,39,0,1,10.13368
17,12,1,1,7.487001
6,30,0,0,14.21747
17,32,1,0,20.06805
17,23,1,1,15.15133
17,17,1,1,18.80994
6,8,0,0,8.762241
12,5,0,0,6.363954
12,41,0,0,17.48338
10,32,0,1,10.58778
17,7,1,0,9.92807
12,3,0,0,4.839685
6,33,0,1,5.670192
17,9,1,1,13.34282
12,21,0,0,5.803735
6,42,0,0,9.265173
10,29,0,1,17.24545
17,5,1,1,5.794425
12,22,0,1,15.77774
6,13,0,0,6.525
12,25,0,0,10.28885
15,16,1,1,12.7792
17,13,1,1,17.16322
10,7,0,0,6.953218
6,32,0,0,6.911035
15,10,1,1,8.397604
10,15,0,1,6.219724
6,42,0,0,5.76931
6,26,0,0,7.142857
12,11,0,0,8.721896
12,36,0,0,6.944364
10,23,0,0,5.877356
10,23,0,1,9.442382
14,36,0,0,15.57056
14,6,0,1,5.890865
10,37,0,0,9.533277
10,17,0,0,5.491322
12,29,0,0,8.972012
10,30,0,1,7.291091
17,9,1,0,16.55833
12,14,0,0,9.275344
15,22,1,1,13.98601
17,11,1,1,11.97316
10,11,0,0,6.597069
6,19,0,0,7.582069
12,33,0,0,9.050903
10,31,0,1,8.532472
17,41,1,1,21.08885
10,11,0,0,6.430977
15,36,1,0,16.93787
15,13,1,1,8.516493
12,29,0,0,6.258219
15,31,1,1,6.480263
17,8,1,1,13.89402
6,29,0,0,7.015287
17,20,1,1,19.22609
17,10,1,0,12.49141
6,30,0,0,12.93621
12,7,0,1,5.234176
18,1,1,1,6.792816
15,15,1,1,5.814827
15,25,1,1,17.22316
14,20,0,0,12.12615
10,21,0,0,6.463506
10,20,0,0,7.382184
14,16,0,1,4.187598
17,20,1,0,13.72325
6,23,0,0,10.98534
10,30,0,0,8.179828
6,10,0,1,7.048103
6,38,0,1,13.80644
14,11,0,1,5.834961
12,11,0,1,6.206774
10,16,0,0,8.690753
17,12,1,1,15.48671
10,13,0,1,9.124426
15,20,1,0,6.815345
12,13,0,0,8.351793
10,40,0,0,11.11172
10,31,0,0,6.958857
6,10,0,0,11.42184
14,12,0,0,10.87888
6,32,0,0,8.427184
10,20,0,1,7.142873
12,5,0,0,5.654368
6,15,0,1,5.984026
12,20,0,0,8.757526
10,35,0,0,7.455977
15,21,1,0,9.800057
10,12,0,1,10.37023
10,7,0,0,9.493556
17,10,1,0,26.75943
12,15,0,0,8.27977
10,34,0,0,8.965057
17,7,1,1,8.81046
17,31,1,0,34.54431
17,28,1,0,24.84828
12,30,0,1,9.2026
10,45,0,1,7.26201
12,32,0,0,19.29346
10,19,0,1,15.38414
10,14,0,0,10.92213
6,52,0,0,7.595402
12,18,0,0,12.59264
10,16,0,0,11.56954
17,3,1,1,4.402931
15,17,1,1,16.33931
10,6,0,0,5.773219
0,49,0,1,30.4867
12,42,0,0,13.90885
10,37,0,0,5.335776
12,22,0,0,6.373563
12,42,0,0,14.91178
12,16,0,0,10.70351
12,44,0,1,14.6062
10,21,0,0,11.81461
12,42,0,0,18.89034
14,33,0,1,6.794192
15,18,1,0,7.014483
17,12,1,0,32.10184
15,11,1,0,16.66141
15,17,1,1,7.241379
15,43,1,0,15.19443
12,43,0,0,13.041
6,42,0,0,10.68569
6,38,0,0,11.18391
17,5,1,0,10.62299
17,6,1,0,12.31523
15,24,1,0,35.80222
6,33,0,0,7.928678
17,12,1,1,55.54441
6,35,0,0,7.713678
10,43,0,1,15.42441
17,29,1,0,9.50454
17,24,1,1,18.24249
17,42,1,0,9.891954
12,25,0,1,6.115287
12,4,0,1,5.747127
18,11,1,0,13.44703
0,31,0,1,18.6469
17,20,1,1,6.26954
12,23,0,0,11.02109
6,40,0,1,6.388046
14,9,0,0,6.938161
15,28,1,1,6.331092
14,15,0,1,6.315403
15,12,1,1,24.13155
6,13,0,0,8.44787
15,20,1,0,22.51777
12,17,0,0,13.53184
10,16,0,0,6.187529
6,21,0,0,10.00845
6,51,0,0,14.2954
12,18,0,1,11.70707
12,32,0,0,5.709655
10,14,0,0,5.979598
12,33,0,1,13.49431
6,18,0,0,6.226034
15,32,1,1,16.64075
12,7,0,0,8.159368
12,17,0,1,11.2181
15,4,1,1,6.479023
14,14,0,0,8.298851
10,23,0,0,6.92161
17,21,1,1,31.17592
10,20,0,0,5.813793
10,27,0,0,9.726666
10,31,0,0,7.460678
17,6,1,1,10.50084
12,20,0,1,8.620689
12,30,0,0,12.11178
6,27,0,0,17.06466
15,14,1,0,8.902645
10,25,0,0,7.146724
17,23,1,1,18.58977
17,9,1,0,8.92362
12,22,0,1,7.679803
14,21,0,1,15.41097
15,18,1,0,17.52874
14,25,0,1,6.693793
10,24,0,0,8.891609
6,28,0,0,12.09741
6,51,0,0,8.543295
17,25,1,0,36.53473
14,14,0,0,11.62954
15,28,1,0,10.65901
14,12,0,0,10.40138
12,40,0,1,14.76575
17,12,1,0,13.90063
12,25,0,1,7.875
12,18,0,0,12.71649
6,27,0,0,11.22897
12,16,0,0,5.684828
12,41,0,1,9.41596
12,16,0,1,9.743391
14,28,0,0,25.36782
6,43,0,1,7.96
17,15,1,1,16.49674
12,23,0,0,6.655698
17,39,1,1,6.914559
15,17,1,1,24.89373
10,36,0,0,11.44525
10,13,0,0,6.50592
6,49,0,1,7.15238
12,29,0,1,12.28879
10,35,0,0,6.887816
14,6,0,0,12.41976
12,7,0,1,8.132348
10,29,0,0,9.100115
10,37,0,0,9.585402
10,15,0,0,12.03366
12,29,0,0,13.58621
17,9,1,0,11.00307
6,38,0,0,9.300057
12,37,0,0,19.57383
10,38,0,1,6.928448
10,16,0,0,6.340632
17,5,1,0,7.679885
6,46,0,1,4.326437
10,28,0,0,7.403793
6,41,0,1,5.152759
10,22,0,1,5.448506
17,30,1,0,23.60604
10,37,0,0,17.05646
14,13,0,0,7.848391
10,19,0,0,7.262356
6,27,0,0,11.98856
17,4,1,1,11.97322
10,11,0,1,11.1954
10,23,0,1,6.174483
17,21,1,1,8.722241
10,29,0,1,7.358793
17,2,1,1,10.64253
10,22,0,1,5.831954
14,12,0,1,11.19129
15,18,1,1,8.30866
10,18,0,0,6.468966
17,13,1,0,24.50535
6,27,0,1,5.469534
10,33,0,0,13.89724
10,36,0,0,13.68896
18,14,1,0,17.63611
12,11,0,0,6.292471
12,25,0,0,11.89714
12,32,0,0,8.57408
15,31,1,1,11.10182
10,32,0,0,10.04006
6,32,0,0,9.573096
6,41,0,0,7.807441
17,39,1,0,69.83665
10,27,0,0,20.57058
14,19,0,1,8.484063
14,37,0,1,8.872988
14,30,0,1,6.41927
10,9,0,0,7.892471
10,4,0,0,7.097701
10,19,0,0,7.277816
10,17,0,0,11.6216
17,13,1,0,22.74912
6,36,0,1,5.800747
6,19,0,0,6.91092
6,39,0,1,5.996896
12,11,0,0,5.463372
14,30,0,0,7.639771
15,22,1,0,20.85868
6,41,0,1,6.018391
17,13,1,1,14.30581
6,28,0,1,9.037027
10,19,0,0,17.52147
15,8,1,1,9.817988
14,12,0,0,8.708965
6,22,0,1,9.535632
15,12,1,0,6.248333
17,15,1,0,75.13486
6,27,0,0,6.387586
17,9,1,0,7.183908
6,41,0,1,7.048276
10,15,0,0,9.462242
6,21,0,0,7.306035
6,42,0,0,11.25787
12,14,0,1,7.32372
17,10,1,1,19.64322
15,16,1,1,4.901149
12,40,0,0,14.81108
6,49,0,1,6.204036
17,9,1,1,12.88364
6,48,0,0,21.52538
10,24,0,1,6.79941
12,25,0,1,6.526437
6,31,0,1,16.5921
10,30,0,0,4.986207
10,27,0,1,7.651433
14,26,0,0,13.61362
12,26,0,0,17.1092
10,23,0,1,4.369896
10,28,0,0,7.582479
10,45,0,0,25.15326
10,14,0,0,7.477242
12,23,0,1,5.826897
6,37,0,0,7.804244
14,24,0,0,20.15195
14,2,0,1,8.220296
10,9,0,0,6.897817
15,22,1,0,5.684713
12,19,0,1,6.744598
17,7,1,1,14.96591
10,17,0,0,11.01218
6,29,0,0,12.26404
0,47,0,1,29.60847
15,13,1,0,22.97877
15,6,1,1,11.1004
6,31,0,1,9.056552
17,16,1,1,8.053149
10,44,0,1,8.33353
17,7,1,1,12.31529
6,28,0,1,8.353418
10,34,0,0,11.02086
6,50,0,0,18.90754
12,28,0,0,22.67762
14,39,0,1,12.04379
10,6,0,0,5.057471
17,11,1,1,8.128736
17,26,1,0,21.48459
10,21,0,0,7.704081
12,30,0,1,14.59966
10,29,0,1,5.397299
10,12,0,0,4.246666
12,10,0,0,6.537578
17,10,1,1,22.90702
17,34,1,0,35.51724
12,34,0,0,18.92524
10,22,0,1,16.74877
17,14,1,1,11.85635
15,31,1,1,15.36276
15,14,1,0,13.54678
14,27,0,0,31.62012
17,28,1,0,55.79827
6,16,0,0,9.32751
6,26,0,0,9.613564
10,14,0,0,9.434598
17,11,1,0,22.41626
12,16,0,0,8.881314
10,24,0,0,8.564713
10,28,0,1,6.218621
10,8,0,1,5.193717
6,14,0,0,19.36025
12,20,0,0,8.353506
6,30,0,1,4.698276
12,27,0,0,6.88069
17,22,1,1,34.16226
17,11,1,1,12.49291
10,34,0,0,11.36962
14,23,0,0,19.13034
14,19,0,1,6.179901
12,42,0,1,172.3883
0,63,0,0,126.3939
12,9,0,0,7.865787
12,20,0,0,10.70626
6,25,0,0,5.643448
10,24,0,1,4.015517
15,6,1,0,11.07023
6,41,0,0,27.51896
17,3,1,1,11.14333
10,27,0,1,9.684072
12,20,0,1,6.531724
6,44,0,1,6.228448
17,10,1,1,7.09454
14,21,0,0,10.03895
10,21,0,0,7.848103
6,24,0,0,17.78374
14,32,0,0,12.15271
10,29,0,0,12.51098
15,31,1,1,12.04199
17,12,1,0,14.59971
14,1,0,0,4.347701
17,4,1,1,6.457701
6,30,0,0,8.662586
12,38,0,0,13.28759
17,36,1,0,35.44397
14,24,0,0,6.984025
12,8,0,1,8.576271
17,12,1,0,17.1927
6,22,0,0,14.98723
15,3,1,1,9.98515
10,21,0,1,8.082127
6,33,0,0,9.516035
17,15,1,1,10.59856
10,38,0,1,6.750826
15,22,1,0,11.8646
6,45,0,0,8.167471
12,25,0,0,17.68191
6,41,0,1,6.630575
15,9,1,1,9.802011
10,29,0,1,8.360582
15,20,1,0,18.87299
17,23,1,0,10.13597
10,40,0,0,11.94109
10,12,0,0,7.700058
10,23,0,0,9.36954
17,4,1,1,20.29275
6,32,0,0,12.87902
6,40,0,0,8.859655
12,15,0,0,16.43971
14,9,0,1,7.581487
15,38,1,0,6.608621
12,16,0,0,8.567701
14,20,0,0,8.962356
10,29,0,0,18.12744
15,34,1,1,20.6175
10,23,0,1,9.905172
14,3,0,1,6.301149
10,6,0,0,4.744253
12,13,0,0,4.790345
10,15,0,0,6.146552
12,22,0,0,6.900575
15,18,1,0,7.829712
6,18,0,0,8.58023
10,14,0,1,5.702874
17,16,1,1,10.61008
6,39,0,0,7.847356
10,33,0,1,6.449655
14,16,0,0,9.638851
15,19,1,0,11.25408
17,14,1,1,11.26726
10,30,0,1,6.764224
10,14,0,1,9.983563
10,4,0,0,5.393104
6,37,0,0,6.37931
12,12,0,0,8.289426
10,38,0,0,14.90695
12,25,0,0,7.974598
6,24,0,0,7.873046
6,37,0,0,10.69983
6,46,0,0,15.06431
10,8,0,1,7.742409
6,27,0,0,7.859597
10,13,0,1,5.847701
10,40,0,1,6.826411
10,9,0,1,6.183448
15,20,1,1,12.31006
6,21,0,1,7.154483
10,17,0,0,7.422472
10,24,0,0,16.81
15,32,1,1,13.66476
10,27,0,1,10.98601
15,12,1,1,11.37397
17,6,1,0,18.13931
6,17,0,1,18.03777
12,23,0,0,33.50811
12,21,0,0,10.9625
6,29,0,1,13.1386
14,10,0,0,7.340287
12,27,0,1,9.898223
12,10,0,0,8.188334
12,18,0,0,15.94218
10,15,0,0,6.974483
6,14,0,1,8.005583
10,26,0,0,19.80946
6,44,0,1,11.48559
12,12,0,0,5.987414
10,36,0,0,6.139917
14,15,0,0,12.13244
6,19,0,0,5.725632
6,54,0,0,11.32776
14,20,0,0,25.46419
10,7,0,1,7.22069
14,22,0,0,13.44741
12,20,0,0,11.93764
15,25,1,1,21.04901
6,18,0,1,10.69046
12,23,0,0,6.800354
6,32,0,0,6.638333
6,35,0,0,10.07619
15,41,1,1,10.6845
15,4,1,1,12.44221
15,19,1,0,8.710517
12,28,0,0,10.97902
17,11,1,0,15.60814
10,45,0,0,6.852816
14,8,0,0,12.57315
10,16,0,0,4.954406
14,25,0,1,6.061706
10,7,0,0,7.548391
12,27,0,0,11.37886
10,7,0,0,11.65852
10,30,0,0,7.965575
14,7,0,1,6.453678
12,22,0,1,6.246581
17,13,1,1,10.51035
12,17,0,1,8.149885
15,11,1,1,14.39619
10,22,0,0,11.37074
10,18,0,1,4.923218
6,51,0,0,11.40345
12,31,0,1,28.95974
6,26,0,0,8.263793
17,17,1,1,16.59342
12,28,0,0,9.777042
10,27,0,0,6.429138
10,12,0,1,5.911494
6,30,0,1,5.52638
15,34,1,1,16.42489
15,5,1,1,10.14167
6,12,0,0,6.762299
12,38,0,0,6.325317
6,36,0,1,5.248391
17,21,1,1,36.48125
14,10,0,0,11.54741
15,24,1,0,16.81623
10,29,0,0,7.173161
14,12,0,0,5.965575
15,8,1,0,25.88205
12,20,0,0,30.09345
10,34,0,0,33.69695
12,10,0,1,6.434387
17,28,1,0,38.48472
10,28,0,0,8.236185
6,25,0,0,7.438448
10,26,0,0,5.466437
17,30,1,0,19.283
12,21,0,0,9.362391
12,34,0,1,8.839598
6,42,0,0,13.53155
10,13,0,0,6.465517
14,12,0,0,10.19883
17,9,1,1,12.62069
14,36,0,0,15.41962
6,47,0,0,16.12176
6,27,0,0,10.63218
12,23,0,0,11.57902
17,28,1,0,18.55958
6,34,0,0,8.714899
12,29,0,0,7.638613
12,22,0,1,10.79738
6,45,0,1,6.347471
10,28,0,0,6.853283
10,3,0,0,6.264254
12,23,0,0,10.18736
15,17,1,1,10.62931
10,30,0,0,23.0677
12,21,0,1,10.48906
15,41,1,0,14.9025
17,17,1,1,5.967242
14,34,0,0,22.13925
17,18,1,1,12.09281
10,19,0,1,4.612053
6,52,0,0,15.08851
6,9,0,0,6.288391
10,20,0,0,9.124713
0,27,0,0,6.471897
15,9,1,1,9.267414
17,16,1,1,28.83299
10,25,0,1,9.652413
15,6,1,0,8.459656
10,9,0,0,8.599655
10,16,0,0,14.36851
6,20,0,1,5.268966
10,32,0,0,12.88851
10,36,0,1,13.67488
17,32,1,1,14.45954
10,15,0,0,5.973506
12,19,0,0,13.52246
15,37,1,0,53.86782
17,20,1,1,25.1015
14,25,0,0,16.93011
17,9,1,1,8.151877
6,38,0,1,5.954655
12,25,0,0,10.44362
10,21,0,0,6.047816
6,13,0,0,6.020968
14,26,0,1,10.79282
10,27,0,0,15.17224
10,30,0,1,8.719632
12,12,0,1,5.749598
10,18,0,0,10.7376
15,26,1,0,26.93328
17,31,1,0,12.16935
15,19,1,1,14.65701
14,13,0,0,7.178316
6,37,0,0,19.12793
12,28,0,1,11.44974
12,17,0,0,4.729196
12,35,0,1,6.93511
14,23,0,0,20.50311
12,12,0,0,13.56816
10,43,0,1,10.80215
10,16,0,0,8.450288
14,18,0,0,7.162644
10,11,0,0,8.341723
10,7,0,1,4.923793
10,46,0,0,9.144533
12,14,0,1,6.350287
17,11,1,1,16.76241
14,19,0,0,11.71514
6,27,0,0,7.062332
14,26,0,0,15.80546
10,22,0,0,12.48391
12,35,0,1,11.97822
14,5,0,1,9.912972
17,13,1,1,18.61149
6,30,0,0,6.880396
6,21,0,1,4.627126
10,34,0,1,5.33092
12,25,0,1,10.6977
12,15,0,0,9.906724
10,33,0,0,12.74753
6,45,0,0,6.443103
14,38,0,0,21.19421
6,31,0,0,9.754483
12,38,0,1,9.083941
12,22,0,1,7.684598
6,44,0,0,9.267184
10,17,0,1,9.709713
10,8,0,1,7.005596
6,9,0,0,5.039827
0,54,0,0,38.75507
14,20,0,1,6.416322
6,41,0,0,10.75437
15,8,1,0,13.69879
10,40,0,0,15.70712
17,8,1,1,10.19569
10,14,0,0,9.622241
10,27,0,0,9.744195
15,16,1,1,10.18762
6,51,0,0,16.11517
10,31,0,0,14.94736
10,37,0,0,20.01667
14,14,0,0,8.048161
12,11,0,0,6.162414
10,49,0,1,6.309517
14,14,0,0,11.42845
12,12,0,0,11.5769
14,10,0,0,10.84568
15,10,1,0,16.39316
12,30,0,0,12.81167
12,25,0,0,15.68034
12,12,0,0,21.18774
15,42,1,0,19.03487
6,23,0,0,5.615057
17,11,1,1,12.17729
15,29,1,0,19.82023
12,37,0,0,21.06144
12,25,0,1,6.541494
15,11,1,1,8.474712
15,23,1,1,6.690114
12,30,0,0,21.55655
10,11,0,0,12.50826
12,27,0,1,5.427931
15,20,1,0,15.28385
14,9,0,0,7.585971
17,20,1,0,10.06126
6,35,0,1,4.938403
12,40,0,0,12.06046
12,30,0,0,12.17036
6,45,0,1,7.184827
10,22,0,1,9.253678
12,46,0,0,45.36598
10,22,0,0,12.25121
17,17,1,0,37.5123
18,14,1,0,44.01046
6,31,0,0,7.490115
12,34,0,1,21.83653
12,21,0,0,14.82924
6,23,0,0,11.15149
15,15,1,1,7.963965
12,10,0,1,15.74212
12,28,0,1,5.788046
14,28,0,0,6.74
15,14,1,1,7.455732
10,28,0,0,11.92506
14,27,0,0,13.23666
14,11,0,0,9.688621
17,18,1,1,17.92776
14,19,0,0,9.620659
6,46,0,0,5.073088
6,26,0,0,7.25908
14,40,0,0,17.1246
6,37,0,0,37.86195
10,30,0,0,16.32138
12,11,0,0,7.804598
15,18,1,1,17.56277
12,20,0,1,7.663275
17,21,1,0,73.27586
14,15,0,1,9.269722
15,9,1,0,8.831358
6,21,0,0,9.024943
6,37,0,0,13.7356
12,0,0,1,6.742682
10,26,0,1,15.42486
12,12,0,1,9.307701
10,23,0,0,9.702471
14,34,0,0,25.5774
6,25,0,0,7.109771
10,25,0,0,21.51954
14,12,0,0,11.18046
10,44,0,0,10.84391
12,22,0,0,14.54957
15,32,1,1,24.987
15,14,1,0,14.75943
10,19,0,0,6.614943
15,51,1,0,25.38759
6,50,0,0,6.820518
10,23,0,0,11.04402
10,27,0,0,9.685633
12,12,0,0,12.28795
17,6,1,1,10.51418
12,33,0,1,18.24193
12,29,0,1,7.500222
10,9,0,0,9.470051
12,34,0,0,12.20891
14,15,0,0,11.17132
12,33,0,1,8.692656
10,45,0,1,5.617931
17,5,1,0,15.42506
6,47,0,0,13.34927
6,15,0,1,7.758506
10,28,0,0,7.612011
14,7,0,1,9.253687
12,15,0,1,6.356839
18,22,1,0,90.61523
12,26,0,0,25.34446
6,52,0,0,9.885824
6,29,0,0,10.91161
15,1,1,1,6.130575
12,6,0,0,8.948188
12,8,0,0,7.462989
6,8,0,0,5.370498
15,10,1,1,9.578564
10,18,0,0,6.81389
15,12,1,1,8.484081
14,14,0,1,8.710581
18,15,1,1,16.73925
12,18,0,1,4.66523
12,28,0,1,4.903333
15,6,1,1,5.509023
6,32,0,0,6.929655
10,19,0,0,7.927931
17,27,1,1,17.40985
6,22,0,1,7.404355
17,20,1,0,20.72287
10,35,0,1,6.309402
15,19,1,1,9.221609
14,31,0,0,7.984368
10,47,0,0,10.10333
10,5,0,1,5.393301
14,24,0,0,9.266035
14,13,0,1,7.216315
17,19,1,1,10.38858
12,31,0,0,18.37938
10,38,0,1,9.98115
12,20,0,1,9.191609
12,34,0,0,20.29928
12,28,0,1,11.38759
17,13,1,1,5.737931
12,28,0,0,16.08868
14,16,0,0,9.560976
12,35,0,1,9.955928
10,29,0,0,4.664604
14,26,0,0,12.39497
12,32,0,1,4.576264
10,42,0,0,10.05362
12,23,0,0,17.45385
10,29,0,1,8.045977
17,32,1,0,21.90798
12,13,0,1,6.360133
12,40,0,0,10.32402
6,35,0,0,12.86753
14,15,0,0,11.53218
14,29,0,0,10.15667
12,35,0,1,7.770962
10,30,0,1,6.904655
10,3,0,0,5.216782
14,17,0,0,13.82805
10,16,0,1,5.398621
10,38,0,1,7.143826
12,26,0,1,13.91563
15,33,1,1,18.33478
14,10,0,0,13.37833
10,25,0,0,19.86092
10,47,0,0,12.87142
10,32,0,0,9.702923
15,5,1,0,10.96811
10,44,0,1,8.588198
17,8,1,1,17.42084
15,13,1,1,13.57477
6,21,0,0,7.377778
6,42,0,1,13.6854
14,29,0,0,14.91667
6,42,0,0,11.97638
10,30,0,1,9.460677
10,21,0,0,6.203564
6,43,0,0,5.864828
17,17,1,0,12.21741
6,37,0,1,6.78825
17,13,1,0,12.06618
10,39,0,1,4.429242
6,32,0,0,8.77977
10,22,0,1,8.230422
12,41,0,0,10.75915
15,43,1,1,16.70397
17,14,1,0,10.24546
14,13,0,1,12.18454
14,27,0,0,12.73355
6,33,0,0,6.84309
12,11,0,0,10.09466
10,45,0,1,6.669713
17,3,1,1,9.288154
10,34,0,0,10.81034
14,20,0,1,7.912184
10,24,0,1,6.234822
10,28,0,0,9.402242
15,17,1,1,12.09943
10,21,0,1,8.552471
6,49,0,0,11.3399
15,24,1,1,6.871973
12,30,0,1,6.15862
12,23,0,1,9.898563
10,27,0,0,10.0492
6,33,0,0,16.405
12,39,0,1,11.7658
12,36,0,0,7.742889
12,29,0,0,18.94983
15,13,1,1,7.65508
17,9,1,0,12.34282
14,12,0,0,8.402299
6,41,0,0,12.80097
17,6,1,1,9.980862
12,25,0,0,9.148161
10,27,0,0,8.85423
12,23,0,0,14.98351
12,41,0,1,5.805716
10,32,0,1,3.063218
12,20,0,0,6.819885
6,19,0,0,10.77586
14,13,0,0,11.70787
14,9,0,1,8.680931
14,32,0,0,9.024195
6,26,0,0,5.56424
10,32,0,1,4.886328
15,9,1,1,6.956322
12,17,0,1,9.418983
10,36,0,0,17.92496
10,27,0,0,7.802241
10,19,0,1,8.081706
6,33,0,1,9.656897
6,38,0,0,8.086469
14,21,0,0,12.65284
10,37,0,1,6.609426
6,19,0,0,8.256814
10,9,0,0,6.772299
10,23,0,1,8.875288
10,36,0,0,6.410058
6,21,0,1,6.316782
6,31,0,1,15.02949
17,13,1,0,33.46552
6,31,0,0,8.652242
12,15,0,1,7.699187
6,27,0,0,4.503831
0,48,0,0,14.79573
6,33,0,1,5.685517
15,18,1,0,7.459541
14,17,0,0,10.78086
15,45,1,0,52.89523
15,10,1,1,14.75514
10,22,0,0,7.205805
15,18,1,1,11.73799
10,36,0,0,31.03557
12,11,0,0,15.00212
12,20,0,0,28.50311
14,13,0,1,6.273563
6,28,0,1,6.501609
17,29,1,0,22.69077
6,47,0,0,9.321839
15,10,1,0,10.98691
15,27,1,1,12.38506
12,9,0,0,8.243448
10,13,0,0,7.832184
12,11,0,1,4.496264
12,8,0,1,4.266494
12,26,0,0,15.62523
10,3,0,0,4.962241
10,6,0,0,8.756405
17,6,1,0,17.09563
10,5,0,0,9.195402
10,18,0,1,10.76169
10,32,0,0,11.77293
12,13,0,1,11.72105
10,7,0,1,5.339828
17,16,1,0,14.98908
14,13,0,1,8.803831
12,10,0,0,13.12972
0,17,0,1,5.665
6,44,0,0,12.28258
17,13,1,0,10.24414
17,3,1,1,8.269389
17,20,1,1,27.57701
12,20,0,1,8.296437
14,33,0,1,5.232816
14,10,0,1,3.639655
6,9,0,0,7.489943
12,13,0,1,7.918219
6,39,0,0,8.118277
12,14,0,1,8.857874
14,31,0,1,14.31552
17,1,1,1,9.392009
15,12,1,0,11.08374
17,23,1,0,29.11787
17,9,1,0,15.04483
12,19,0,0,6.274023
14,20,0,1,11.62108
6,45,0,1,6.381207
15,9,1,1,12.00954
10,14,0,1,7.405776
12,18,0,1,8.257208
14,20,0,0,13.93931
12,10,0,0,12.34968
14,10,0,0,5.548965
17,6,1,1,7.697357
0,56,0,0,5.29023
14,14,0,0,18.25322
17,23,1,1,16.34086
12,22,0,0,5.063965
12,22,0,0,20.11494
14,20,0,0,19.90173
12,27,0,1,5.875862
14,18,0,0,17.41853
6,22,0,0,9.628907
14,19,0,0,8.994843
10,29,0,0,7.03023
17,21,1,1,17.62678
6,41,0,0,9.715172
12,10,0,0,9.129656
15,35,1,0,19.02157
15,16,1,0,7.263621
6,37,0,0,8.183736
6,47,0,0,9.326322
6,47,0,0,6.26752
10,38,0,0,12.39225
14,14,0,0,19.90819
10,17,0,0,7.003862
15,9,1,1,13.10216
15,15,1,1,13.45714
15,7,1,1,7.373678
12,28,0,1,14.38838
17,26,1,0,34.86592
12,33,0,0,6.454483
10,29,0,0,11.32729
10,11,0,1,6.567476
12,35,0,0,49.26765
15,10,1,0,9.623219
12,25,0,0,15.47534
14,8,0,0,8.210173
15,17,1,0,12.75736
10,38,0,0,14.17892
10,23,0,1,6.930345
10,20,0,0,10.08853
10,32,0,0,6.00367
15,16,1,1,17.35383
14,8,0,0,9.852184
17,19,1,0,15.28576
12,16,0,0,15.53802
17,5,1,1,19.36759
15,12,1,1,12.22581
15,14,1,1,16.57044
14,13,0,1,8.90138
10,37,0,0,10.90496
12,14,0,0,12.78038
14,19,0,1,5.265747
12,18,0,0,7.099426
17,8,1,0,16.4204
15,16,1,0,17.8469
10,8,0,1,4.385057
12,35,0,1,28.93084
17,11,1,1,6.634195
12,7,0,1,5.533938
12,24,0,0,11.50514
12,27,0,1,6.56977
6,47,0,1,8.243505
17,6,1,1,5.625705
12,11,0,0,5.878736
15,16,1,0,15.67956
17,17,1,0,30.37764
10,10,0,0,11.43782
6,25,0,0,13.92856
10,24,0,0,4.45046
12,16,0,0,9.722069
12,24,0,1,10.51249
6,39,0,1,12.71136
12,18,0,0,9.64523
10,39,0,0,11.69615
6,39,0,1,7.510192
12,16,0,1,14.21506
17,12,1,1,17.19228
6,46,0,0,7.137816
6,49,0,1,5.425368
15,5,1,1,16.85974
12,14,0,0,9.984613
10,11,0,0,8.143104
10,14,0,0,6.203161
12,7,0,1,6.325689
10,29,0,1,7.900345
10,32,0,0,6.924885
18,18,1,1,15.26388
10,8,0,1,7.020985
6,35,0,0,6.751396
12,11,0,0,5.565287
17,8,1,1,15.6681
12,15,0,0,8.835173
6,35,0,0,11.4896
6,38,0,0,7.191322
17,35,1,0,116.9119
12,12,0,1,7.582923
10,40,0,0,8.67546
6,11,0,0,7.963908
17,6,1,0,14.94253
6,20,0,1,4.499023
6,17,0,0,7.370747
10,14,0,0,8.246954
12,15,0,1,7.74954
17,8,1,0,6.104434
14,28,0,0,16.74385
10,36,0,1,5.263679
17,4,1,0,14.50624
10,15,0,1,6.399942
10,29,0,0,6.247241
6,11,0,0,7.707529
12,14,0,0,16.14615
10,16,0,0,7.372356
17,19,1,1,14.36782
0,29,0,1,5.128857
17,26,1,0,19.71277
12,16,0,0,6.54
6,31,0,1,5.027969
10,7,0,1,6.724663
12,16,0,1,5.727127
10,23,0,0,9.828448
10,15,0,1,6.517778
12,8,0,0,13.17753
15,18,1,0,18.52494
10,41,0,1,6.078828
14,25,0,0,13.69755
17,33,1,1,27.75751
14,12,0,0,12.15052
10,16,0,0,8.249943
10,11,0,0,8.407753
12,14,0,0,10.55835
12,29,0,1,6.447931
10,35,0,1,9.757408
12,32,0,1,4.926437
6,50,0,1,6.55977
12,18,0,1,17.47356
17,38,1,0,32.03045
12,32,0,1,10.30724
12,25,0,0,12.24627
17,16,1,1,24.75431
15,12,1,0,27.33213
6,48,0,0,18.47529
17,22,1,1,13.14608
17,10,1,1,28.73563
10,32,0,0,7.235575
12,41,0,1,15.42923
17,13,1,0,21.07837
12,15,0,1,7.944061
6,43,0,0,7.27339
12,27,0,1,7.73385
10,8,0,1,6.699482
15,13,1,1,18.26929
17,6,1,1,11.915
17,13,1,0,56.23396
12,29,0,1,12.5408
17,30,1,0,33.93052
10,30,0,0,8.526861
14,15,0,1,5.885244
17,26,1,0,21.80174
6,39,0,0,8.678391
12,7,0,1,6.567487
10,11,0,1,5.503653
10,30,0,0,8.502069
17,15,1,1,6.017363
6,45,0,0,9.634769
12,36,0,1,7.232241
17,5,1,1,11.22868
15,23,1,0,39.29661
6,18,0,1,6.220115
12,22,0,0,7.72569
12,12,0,1,7.472414
17,32,1,0,18.32131
6,46,0,1,9.717931
10,16,0,0,6.219368
12,9,0,1,5.72431
12,33,0,0,24.98121
12,1,0,1,4.771647
10,30,0,1,9.752447
17,22,1,0,9.286781
15,16,1,0,18.42345
10,35,0,1,6.126908
6,21,0,1,4.832873
6,38,0,1,5.238161
17,9,1,1,10.89021
6,40,0,0,14.97655
14,23,0,0,7.348258
10,9,0,1,9.724425
12,23,0,1,10.23507
12,31,0,1,14.73489
12,37,0,1,8.941807
12,28,0,0,7.133276
14,9,0,0,17.74851
6,23,0,0,7.073391
12,24,0,1,7.91885
10,27,0,0,11.15879
17,11,1,0,31.83914
14,8,0,0,6.891154
6,24,0,1,6.506667
10,30,0,0,7.444828
12,13,0,1,12.65063
6,44,0,0,9.513218
6,41,0,1,10.87575
6,33,0,1,5.101207
15,6,1,0,7.9677
10,3,0,0,7.74023
12,30,0,0,11.11337
17,10,1,0,18.47293
10,21,0,0,7.837931
14,44,0,0,20.90174
17,7,1,1,7.133448
12,25,0,0,13.01769
6,39,0,1,7.543391
12,22,0,0,6.678851
17,12,1,0,23.31144
14,14,0,0,6.324655
12,27,0,0,9.262299
15,8,1,0,10.13469
6,18,0,0,8.010676
10,15,0,1,9.594699
15,33,1,1,28.59679
6,43,0,1,7.283584
12,34,0,1,11.56217
15,20,1,1,21.24346
12,35,0,0,11.74897
14,9,0,1,7.45977
14,23,0,1,6.079023
12,24,0,1,16.81285
12,11,0,0,11.92644
12,21,0,0,6.942406
12,38,0,1,9.522022
12,19,0,0,20.73339
15,11,1,0,11.29759
10,11,0,1,14.76438
12,10,0,0,4.043276
17,20,1,0,18.30695
12,33,0,1,6.335172
17,10,1,1,7.55408
6,9,0,1,4.994943
10,7,0,0,5.416379
15,17,1,0,15.94086
10,25,0,1,10.22253
10,19,0,0,13.89741
15,8,1,1,8.96593
15,15,1,0,14.39787
15,18,1,0,18.19454
15,10,1,1,10.62069
15,25,1,0,19.00379
17,33,1,1,10.49506
12,12,0,0,11.66969
12,21,0,1,8.41219
10,26,0,0,6.883908
14,39,0,0,12.1342
14,8,0,0,9.793161
14,14,0,1,5.153563
12,15,0,0,10.66902
6,38,0,0,5.525109
10,33,0,1,9.552471
10,30,0,0,8.047904
12,26,0,1,7.840058
6,35,0,1,5.153621
17,11,1,0,5.528276
12,17,0,1,8.382758
17,23,1,1,21.30443
6,36,0,0,10.8299
10,15,0,0,9.26592
12,6,0,1,5.129655
15,4,1,1,15.24636
12,28,0,1,8.385518
17,11,1,0,16.26367
10,44,0,0,7.995329
10,26,0,0,12.21569
12,32,0,1,11.89333
10,16,0,0,6.528966
10,35,0,1,16.21554
15,26,1,0,7.996168
10,23,0,0,29.34502
15,7,1,0,9.354424
6,24,0,1,8.257241
15,34,1,1,19.12153
10,19,0,1,9.046206
10,14,0,0,6.370517
17,29,1,0,17.85296
10,17,0,0,6.816786
12,36,0,0,7.164771
10,16,0,0,6.727356
12,7,0,0,15.34278
12,21,0,0,9.522644
15,15,1,0,8.812299
6,13,0,0,5.668966
14,14,0,0,7.416321
10,30,0,0,15.71282
12,41,0,0,14.91376
14,11,0,0,11.84098
15,28,1,1,15.35271
12,19,0,1,9.787332
0,47,0,0,48.45465
17,5,1,1,11.61167
10,32,0,0,13.57604
12,43,0,0,13.58559
15,9,1,0,7.203183
10,37,0,0,9.447336
12,19,0,1,10.24356
10,42,0,0,8.910401
6,33,0,1,5.379426
12,5,0,0,7.211667
17,14,1,1,7.61173
10,16,0,0,14.66713
6,37,0,0,7.544657
10,33,0,0,9.843333
10,12,0,0,10.09998
14,23,0,0,8.39385
17,15,1,0,7.568736
6,25,0,1,6.873448
6,16,0,0,5.15977
15,12,1,1,10.04906
14,4,0,0,6.87635
15,16,1,1,9.011146
10,17,0,1,9.055709
6,39,0,0,13.27626
6,41,0,0,7.807954
12,26,0,0,10.58649
17,7,1,0,21.47598
6,26,0,0,19.90069
10,29,0,1,17.67278
15,13,1,0,12.76831
12,30,0,1,11.63931
6,28,0,0,10.96176
10,16,0,0,5.952874
10,22,0,0,7.463161
15,12,1,1,6.947988
0,41,0,1,5.262894
10,33,0,1,6.997011
10,17,0,1,5.687861
10,9,0,0,6.498615
12,36,0,1,6.636896
17,30,1,0,43.6398
0,33,0,1,26.68723
12,13,0,0,12.49649
10,12,0,1,9.124788
14,31,0,0,18.35621
10,34,0,0,11.30771
6,16,0,0,10.00952
15,30,1,0,9.487012
6,39,0,1,8.884663
14,5,0,0,11.72414
6,40,0,1,11.46092
17,5,1,1,17.05535
10,25,0,0,7.38408
6,46,0,0,51.82095
12,34,0,0,11.85115
6,17,0,0,10.05747
15,23,1,0,8.573966
14,6,0,0,7.581079
10,47,0,0,8.844828
12,43,0,1,9.595057
10,20,0,0,7.424425
14,29,0,0,10.17925
12,19,0,1,3.990632
10,30,0,0,12.55841
15,18,1,0,25.95282
10,26,0,1,5.872299
17,1,1,1,8.201724
14,13,0,0,14.3058
6,43,0,1,8.334542
10,50,0,1,10.88906
14,13,0,1,5.790747
10,10,0,0,10.79333
10,39,0,1,10.02201
17,22,1,1,18.12425
6,27,0,1,9.602299
17,12,1,1,17.10097
14,15,0,1,7.29115
10,11,0,1,7.610575
15,18,1,1,15.66345
10,6,0,1,5.956897
14,5,0,0,11.60862
6,48,0,0,7.517529
12,30,0,1,5.698506
6,50,0,0,8.849942
10,24,0,0,12.48079
17,31,1,0,13.75306
12,16,0,0,15.8467
10,18,0,1,5.068965
10,37,0,1,9.05226
10,36,0,1,4.679195
6,42,0,0,8.746068
12,27,0,1,5.716858
15,7,1,1,6.009195
6,11,0,0,6.911724
15,8,1,0,11.49425
6,37,0,1,13.32763
17,16,1,0,8.950632
6,19,0,1,5.022759
15,26,1,1,10.44983
6,29,0,0,4.953506
15,6,1,0,11.53846
12,29,0,1,8.621713
17,20,1,0,104.3103
14,32,0,1,18.25645
12,35,0,0,11.24489
10,36,0,1,4.342356
12,39,0,0,13.93499
17,11,1,0,16.78439
12,29,0,0,10.58431
10,14,0,1,4.764138
10,32,0,1,13.19115
17,30,1,0,22.38485
17,13,1,0,14.81911
6,12,0,1,6.311063
15,43,1,0,92.59617
10,25,0,1,9.166896
10,15,0,1,9.563481
17,3,1,0,11.49425
10,40,0,0,9.358908
10,18,0,1,5.211954
14,17,0,0,16.3602
6,39,0,0,9.414081
14,24,0,0,15.25534
10,34,0,1,5.433575
12,24,0,1,5.951839
10,30,0,1,10.02489
17,14,1,1,11.30883
12,7,0,0,8.699597
12,34,0,0,11.34639
10,31,0,1,8.621977
12,5,0,1,7.882241
10,8,0,1,8.233161
12,27,0,1,9.841962
12,23,0,1,9.759196
14,16,0,1,6.925862
10,12,0,0,6.589426
10,38,0,1,14.00557
6,31,0,0,6.507816
10,27,0,1,5.769379
17,14,1,0,33.81665
15,26,1,0,15.7596
17,27,1,0,44.56139
6,23,0,0,9.572413
17,33,1,0,11.36782
12,22,0,1,9.764904
12,26,0,1,5.844828
17,10,1,1,11.12035
6,17,0,0,9.948334
17,12,1,0,15.92039
17,34,1,0,6.84477
10,24,0,0,6.775427
14,30,0,0,25.78161
15,43,1,0,28.86973
10,34,0,0,19.07356
10,34,0,1,6.634129
12,12,0,0,9.465066
6,21,0,0,5.705747
10,22,0,0,5.677989
10,20,0,0,13.11523
6,42,0,0,9.805026
17,7,1,0,26.09747
10,38,0,1,15.7516
12,28,0,1,25.38916
10,20,0,0,5.089655
12,22,0,1,15.95639
12,12,0,0,6.923158
18,26,1,0,38.0434
12,12,0,1,5.003506
14,5,0,0,7.94454
10,10,0,1,6.735951
12,26,0,1,8.392644
10,41,0,1,4.299368
12,22,0,0,13.70759
12,23,0,1,32.87155
6,24,0,0,9.002184
14,34,0,1,6.682758
14,13,0,0,15.34069
15,18,1,0,13.26106
17,17,1,1,26.62872
10,37,0,0,15.52391
15,18,1,1,12.55252
12,19,0,0,14.30276
14,9,0,0,7.33546
17,13,1,0,19.43718
10,12,0,1,7.008039
6,38,0,1,7.631666
17,31,1,1,4.929885
6,24,0,1,4.349425
10,26,0,0,6.539097
10,24,0,0,10.16115
6,7,0,0,7.426322
10,19,0,1,4.193439
10,15,0,0,7.248943
6,39,0,1,7.56145
10,20,0,0,11.85845
6,16,0,1,12.20575
10,21,0,1,5.965086
10,20,0,1,6.652011
14,30,0,0,9.877122
17,5,1,1,9.097701
14,24,0,0,19.55697
14,21,0,0,16.69655
12,28,0,0,9.36
10,43,0,1,5.553563
14,6,0,1,6.653334
12,8,0,0,16.58224
15,10,1,1,13.07059
14,10,0,1,9.124712
10,10,0,1,6.178851
10,12,0,0,4.246552
6,39,0,1,6.896463
6,26,0,1,6.456897
10,45,0,1,31.59661
10,19,0,0,8.051149
15,19,1,1,12.07123
10,35,0,0,8.261035
14,10,0,0,10.08207
10,27,0,1,4.976552
12,23,0,0,14.66614
12,17,0,0,9.066379
12,32,0,1,14.37228
10,16,0,0,6.346552
10,27,0,0,6.339994
14,17,0,0,9.097299
14,14,0,1,4.445123
12,44,0,1,11.52348
12,12,0,1,7.76862
15,18,1,1,14.07186
12,28,0,1,9.286192
15,14,1,1,14.83448
10,13,0,0,10.61942
6,23,0,0,8.865115
12,25,0,0,6.435288
15,22,1,0,7.736897
10,21,0,0,5.468851
12,10,0,1,8.509285
10,30,0,0,9.531207
6,43,0,0,14.65655
15,42,1,0,18.07816
15,3,1,1,7.079368
15,7,1,1,14.9339
10,41,0,0,10.30845
17,9,1,1,38.32111
14,11,0,1,9.658179
6,20,0,1,7.107413
15,16,1,1,13.39954
14,11,0,0,20.14654
12,40,0,0,17.21951
17,6,1,1,23.92717
12,22,0,1,6.437165
12,30,0,0,22.94522
14,15,0,0,11.53107
10,39,0,0,9.27908
10,42,0,0,10.91075
10,12,0,1,4.025405
12,31,0,0,8.727663
6,21,0,0,9.833851
12,34,0,0,20.37633
10,38,0,0,18.50076
10,35,0,1,7.70682
10,12,0,0,7.33223
15,7,1,0,11.49425
10,42,0,1,4.876839
10,38,0,1,6.141724
6,11,0,0,8.572644
17,12,1,0,12.64368
10,34,0,0,21.75862
12,3,0,1,7.161724
15,12,1,0,10.20494
10,24,0,1,6.862874
12,43,0,0,22.46935
15,6,1,1,11.43895
17,7,1,0,9.828218
15,29,1,1,4.963744
12,7,0,1,6.331379
14,10,0,0,5.747127
6,40,0,0,11.53962
6,28,0,0,7.653966
10,44,0,0,7.262989
12,40,0,1,11.19989
17,10,1,1,7.899204
10,16,0,0,10.88546
17,11,1,0,14.95638
6,16,0,0,8.099942
6,27,0,0,6.631035
12,12,0,1,5.047241
10,31,0,0,21.6349
17,15,1,1,10.22563
12,16,0,0,6.45046
14,14,0,1,4.748046
10,33,0,0,11.31305
14,10,0,0,38.31414
10,48,0,0,21.53747
6,53,0,0,10.8046
6,36,0,1,6.054943
10,22,0,0,13.07724
15,13,1,1,14.38426
6,13,0,0,7.700695
10,11,0,0,12.48035
10,34,0,1,11.1
17,24,1,0,68.21609
12,35,0,1,6.07977
12,29,0,0,11.75667
15,7,1,1,7.200977
14,6,0,0,7.256552
12,9,0,0,7.262701
17,9,1,0,16.55933
12,22,0,1,14.10969
12,12,0,0,9.032644
10,17,0,1,4.656782
10,12,0,1,7.329239
12,26,0,0,23.43415
12,14,0,1,9.351609
10,14,0,1,5.153694
10,17,0,0,8.298143
12,13,0,1,5.82546
14,29,0,1,17.03649
12,29,0,1,7.2198
6,40,0,0,8.383908
17,16,1,0,9.325
12,6,0,1,7.418518
12,27,0,0,13.76488
6,39,0,0,16.69366
10,16,0,0,9.788363
10,30,0,0,11.55172
10,25,0,1,5.144483
10,21,0,0,12.64368
17,39,1,1,29.91094
12,39,0,0,13.10174
6,32,0,0,15.23225
10,35,0,1,6.027759
17,15,1,0,22.43079
15,11,1,1,8.884943
6,11,0,0,7.947931
12,28,0,1,10.07971
17,13,1,0,25.37833
6,26,0,0,12.325
12,14,0,1,10.39628
10,16,0,0,6.061322
10,18,0,0,11.48971
12,26,0,1,7.444777
15,16,1,0,19.99506
12,27,0,1,11.20328
12,35,0,0,20.60339
17,19,1,0,54.23373
12,21,0,0,10.55921
10,7,0,0,9.348199
14,28,0,0,19.13954
12,23,0,0,11.51707
6,30,0,0,8.84477
10,15,0,0,11.93753
12,22,0,0,7.951681
10,8,0,0,15.19277
17,11,1,1,29.93678
10,32,0,0,8.160345
17,9,1,0,10.50986
17,9,1,0,6.703735
6,27,0,0,6.502876
12,12,0,1,9.07441
10,41,0,0,8.242989
15,12,1,1,9.153165
17,14,1,0,29.15747
6,30,0,1,8.034884
10,31,0,0,6.539097
15,11,1,0,17.24138
10,11,0,1,7.529119
17,1,1,1,5.787586
17,19,1,1,19.94397
17,13,1,1,15.06183
14,33,0,0,9.136208
15,24,1,0,10.4869
10,20,0,0,7.106955
17,24,1,0,19.20454
12,34,0,0,26.1608
10,22,0,0,8.421149
12,26,0,0,14.76224
10,11,0,1,9.591208
6,40,0,0,10.78051
10,31,0,1,12.18985
17,22,1,0,14.25018
12,15,0,0,9.630283
6,34,0,0,9.679885
17,12,1,1,12.12971
10,14,0,0,7.405862
14,12,0,0,11.24757
17,7,1,1,22.6908
12,15,0,0,7.85638
12,38,0,1,27.03701
15,12,1,1,12.57202
12,18,0,1,16.62751
10,14,0,0,4.896858
17,25,1,0,33.92548
17,5,1,0,18.88339
6,38,0,0,6.97349
17,42,1,0,32.77971
10,30,0,0,7.564425
12,28,0,0,27.14191
17,9,1,1,17.62833
6,31,0,0,9.569828
12,45,0,0,9.491923
6,24,0,0,5.322356
12,11,0,0,11.64782
12,30,0,1,10.05856
10,43,0,0,15.1685
10,13,0,0,7.881724
15,29,1,0,22.57471
12,14,0,0,9.469425
12,35,0,1,19.31592
17,32,1,0,19.27577
15,25,1,0,21.14391
10,41,0,0,12.32638
6,25,0,1,5.577496
6,40,0,0,7.617759
6,39,0,1,7.46708
15,14,1,1,7.986667
14,8,0,1,12.67919
6,18,0,0,5.321313
17,18,1,0,16.11678
10,10,0,1,7.781871
10,26,0,1,6.526437
10,27,0,0,12.24151
12,13,0,1,4.588889
15,7,1,0,4.96569
17,13,1,1,13.58483
15,12,1,1,11.75536
17,8,1,0,13.973
10,42,0,0,8.519828
6,37,0,0,8.058355
6,17,0,0,9.989254
12,18,0,0,13.31459
15,9,1,1,15.25353
12,11,0,0,27.30629
17,11,1,0,7.04023
10,26,0,0,9.885518
15,17,1,0,49.59707
17,9,1,0,13.85471
10,9,0,0,7.038325
12,22,0,0,18.71921
12,4,0,1,5.779463
12,41,0,1,5.747127
6,24,0,1,5.804713
17,12,1,0,5.321519
12,9,0,0,11.79488
17,18,1,0,24.18408
14,16,0,0,9.263367
6,50,0,1,5.746666
10,28,0,0,7.870283
17,11,1,0,14.62677
6,16,0,0,11.07967
6,19,0,0,8.92014
15,36,1,0,9.889368
15,13,1,0,12.68966
12,27,0,0,14.12729
6,40,0,1,10.31005
12,9,0,1,6.024426
17,27,1,1,17.53681
17,2,1,0,11.01333
17,37,1,0,21.49713
15,12,1,1,9.517241
6,43,0,0,10.29017
12,13,0,0,10.36155
6,27,0,0,7.125644
10,34,0,0,32.25092
12,22,0,1,9.667585
6,26,0,0,8.156724
12,14,0,0,4.764836
6,41,0,0,10.29726
12,17,0,0,10.74787
10,20,0,0,7.471264
6,26,0,1,5.892184
6,41,0,1,8.744943
10,28,0,0,6.464253
6,30,0,0,11.71937
12,31,0,1,13.82764
6,30,0,0,9.633366
17,12,1,1,7.223153
14,37,0,0,19.95272
15,21,1,0,38.12241
10,23,0,1,9.265197
10,30,0,0,11.89793
6,33,0,1,8
6,22,0,0,10.3663
6,40,0,0,14.71023
14,32,0,1,7.05064
17,3,1,1,16.78915
12,14,0,0,11.41346
17,12,1,1,26.35632
14,31,0,0,40.03189
6,18,0,1,12.68518
10,27,0,1,9.595632
10,14,0,0,11.41126
12,26,0,0,14.28339
10,20,0,1,5.908103
17,32,1,1,36.37852
10,38,0,0,19.84263
15,31,1,1,19.43166
12,17,0,1,10.10029
12,16,0,1,8.028678
12,25,0,0,7.417012
12,39,0,0,15.11644
12,21,0,0,21.58236
10,29,0,0,11.2542
15,5,1,0,10.13529
10,36,0,0,12.42225
6,26,0,0,15.69931
6,51,0,1,6.160518
12,18,0,0,9.852242
15,16,1,0,18.91147
0,58,0,0,50.05504
15,39,1,0,22.17892
12,32,0,1,24.24276
10,27,0,1,8.214907
12,34,0,0,10.2431
6,46,0,0,11.73178
12,30,0,1,6.419352
17,5,1,1,4.972586
15,8,1,1,6.556015
17,18,1,0,15.07592
10,33,0,0,12.47069
10,23,0,0,13.16103
10,23,0,0,8.160153
6,40,0,0,8.70138
10,8,0,0,8.382127
15,28,1,0,21.14135
6,36,0,0,8.132529
10,23,0,0,7.305632
17,34,1,0,54.14253
10,18,0,0,5.96092
15,28,1,1,11.29998
0,50,0,0,11.51134
12,26,0,1,11.60223
10,7,0,1,7.917433
6,41,0,0,32.90345
17,14,1,0,22.57759
6,18,0,1,7.364597
12,21,0,0,15.78371
17,14,1,0,44.20867
10,27,0,0,8.106034
10,14,0,0,9.059909
15,11,1,1,6.146782
12,37,0,0,12.45098
6,51,0,0,13.09845
0,44,0,0,31.01274
14,5,0,1,8.632184
10,35,0,0,8.715205
10,26,0,1,8.110897
6,34,0,0,12.82583
10,16,0,1,6.644253
12,14,0,0,22.70429
0,26,0,1,12.20057
6,22,0,0,6.626494
12,32,0,0,10.50822
10,28,0,1,7.26786
6,36,0,1,6.16092
6,21,0,0,9.278448
10,30,0,1,6.423621
10,17,0,0,6.168276
17,29,1,0,23.71092
17,24,1,1,33.94586
12,22,0,1,8.633835
12,21,0,0,10.94132
14,17,0,1,8.057471
15,15,1,1,14.67839
10,28,0,1,7.899885
15,15,1,0,53.64322
10,15,0,1,8.77977
15,6,1,1,15.20454
12,20,0,0,8.36832
12,41,0,0,11.81776
17,31,1,1,14.84353
15,27,1,0,14.35575
14,16,0,0,17.44676
12,33,0,0,17.72934
12,16,0,1,4.836494
12,12,0,1,11.95924
10,19,0,0,16.14362
15,21,1,0,8.10364
6,31,0,0,8.117184
6,46,0,1,5.052636
12,32,0,1,10.8192
17,19,1,0,10.41012
6,35,0,1,4.637586
12,32,0,0,16.36293
17,33,1,0,29.01034
14,15,0,0,16.29655
10,18,0,0,10.93931
6,29,0,0,14.29506
6,21,0,0,10.67414
10,27,0,0,6.991772
17,10,1,0,13.17736
10,29,0,1,5.481874
17,29,1,0,11.51485
6,32,0,1,8.594636
10,21,0,0,18.44773
12,29,0,1,6.805885
14,13,0,0,9.497759
12,44,0,1,7.585795
14,22,0,0,7.64046
12,25,0,0,10.08397
15,11,1,1,12.71128
15,25,1,1,12.85845
10,10,0,0,10.45507
10,33,0,0,6.772211
14,20,0,0,8.613047
10,22,0,0,6.948449
6,21,0,1,8.727695
17,7,1,0,13.64943
6,34,0,0,8.256507
10,26,0,1,8.144368
10,18,0,0,9.300066
10,46,0,1,14.98313
10,36,0,1,10.53305
6,41,0,0,10.5696
12,39,0,0,8.636667
15,41,1,1,14.48478
18,14,1,1,11.89564
10,17,0,1,6.655632
15,21,1,1,11.20766
12,9,0,1,5.736782
6,37,0,1,5.266092
10,15,0,0,6.004598
10,6,0,0,5.417414
15,15,1,0,25.50883
12,6,0,0,4.76546
12,11,0,1,9.939114
14,26,0,0,10.5896
6,22,0,0,6.80638
10,41,0,0,8.760747
17,9,1,0,10.46793
10,39,0,1,5.438332
6,10,0,0,6.691236
12,20,0,1,14.62764
10,41,0,1,8.538522
17,14,1,1,23.05453
17,26,1,0,15.27437
17,21,1,1,30.3014
14,1,0,0,9.093736
6,20,0,0,8.87023
6,22,0,0,5.316092
14,25,0,1,18.19885
6,45,0,0,6.512931
15,15,1,0,17.09345
10,13,0,0,18.37931
14,20,0,0,12.0858
14,27,0,0,12.05333
14,10,0,0,7.234828
10,13,0,1,3.64
12,18,0,1,9.510345
10,35,0,1,13.10776
12,44,0,1,13.32355
10,31,0,0,6.055574
15,16,1,0,9.560229
10,17,0,0,10.13241
10,18,0,0,12.69299
12,16,0,0,6.133333
17,21,1,1,16.66379
10,13,0,1,4.941724
6,30,0,0,9.12477
17,11,1,1,8.989253
10,32,0,1,6.613711
15,5,1,1,12.05202
12,6,0,1,6.423161
6,40,0,1,6.883876
10,29,0,1,6.956187
12,34,0,0,18.22304
10,24,0,0,10.39483
6,8,0,0,4.597701
17,13,1,1,12.24247
6,13,0,1,4.966149
12,15,0,1,8.136953
15,11,1,1,15.86832
10,18,0,1,7.277395
15,27,1,1,20.27833
12,39,0,1,6.120517
12,27,0,1,7.336159
10,6,0,0,7.40546
17,17,1,0,32.4576
0,28,0,1,19.55149
10,21,0,1,6.97161
17,16,1,1,26.05797
6,46,0,1,4.699888
15,29,1,1,9.184188
10,12,0,0,12.45465
6,30,0,0,5.582299
12,22,0,0,7.507184
10,17,0,0,6.814655
6,31,0,1,8.359253
17,14,1,0,14.47675
10,8,0,0,8.530825
6,25,0,0,12.01136
12,14,0,1,10.34943
12,21,0,1,7.063224
17,3,1,0,11.49425
17,12,1,0,13.7328
10,9,0,1,7.602759
12,16,0,1,7.508836
6,41,0,0,11.96905
12,18,0,1,7.804598
14,30,0,0,15.1177
17,18,1,1,13.01494
6,14,0,0,7.08
12,28,0,1,14.78
10,10,0,1,8.511481
10,28,0,1,12.02822
6,33,0,1,4.742356
6,16,0,1,9.336667
6,35,0,0,9.78546
6,22,0,0,6.859483
10,19,0,1,6.547126
10,38,0,0,6.175424
6,32,0,1,7.300287
12,11,0,1,4.832989
10,25,0,0,5.920946
12,8,0,1,7.287724
10,12,0,0,9.300492
12,24,0,0,8.085919
17,7,1,0,16.00983
17,17,1,0,19.44799
12,11,0,0,11.20913
17,23,1,1,19.033
17,13,1,1,8.538588
10,17,0,1,9.251008
17,22,1,0,43.09548
14,9,0,0,7.375463
15,22,1,0,15.90325
10,20,0,0,6.994656
6,24,0,1,7.168793
15,29,1,0,19.25996
12,25,0,0,10.13425
17,39,1,0,34.84483
6,48,0,0,13.21839
10,41,0,1,5.176494
12,10,0,1,11.0521
12,13,0,0,7.321426
6,41,0,0,7.236035
15,37,1,1,31.31343
6,49,0,0,7.589655
17,16,1,1,11.08374
6,42,0,1,3.639867
6,23,0,0,6.512529
14,9,0,1,6.796494
14,24,0,0,6.37092
6,22,0,1,6.26752
17,7,1,0,16.31132
12,28,0,1,7.901977
15,12,1,0,12.75942
18,15,1,0,8.583333
17,10,1,1,9.460309
6,50,0,1,8.538161
14,12,0,1,8.245748
17,11,1,1,7.471322
10,22,0,1,19.37044
6,46,0,0,19.1703
12,17,0,1,4.618577
12,12,0,0,6.286258
17,13,1,1,10.96467
10,17,0,0,7.503341
12,19,0,0,11.41816
15,12,1,0,8.48023
14,29,0,0,10.62805
15,5,1,1,16.01817
12,34,0,0,15.57173
12,28,0,0,11.36356
15,11,1,1,7.211966
10,5,0,0,6.853333
10,29,0,0,14.47839
10,27,0,0,12.23885
6,51,0,0,6.657471
6,20,0,1,8.339262
12,23,0,0,8.992381
15,7,1,1,5.933218
17,12,1,0,17.91707
12,26,0,0,12.77011
10,26,0,1,8.310147
12,18,0,0,8.581684
12,36,0,0,8.856174
10,46,0,1,5.23977
17,27,1,0,107.1864
17,42,1,0,17.53721
17,24,1,0,23.38332
10,21,0,0,10.05584
10,21,0,0,7.647414
12,30,0,0,7.799455
15,10,1,0,11.48244
17,25,1,0,25.34736
17,17,1,0,18.5081
15,37,1,1,12.50241
6,33,0,1,7.866961
14,25,0,0,17.20343
10,33,0,0,10.19358
17,18,1,0,11.65557
14,40,0,0,10.60649
18,10,1,0,12.54828
17,13,1,0,11.08374
10,21,0,0,7.616705
12,17,0,0,8.107874
12,37,0,0,10.90969
6,14,0,1,7.115402
12,23,0,1,8.444311
6,28,0,0,8.53523
12,9,0,1,5.832337
14,9,0,1,8.348011
14,11,0,1,5.620632
17,15,1,1,17.6519
6,37,0,0,9.535568
10,24,0,0,8.35885
10,19,0,0,6.619806
10,30,0,1,12.14474
10,22,0,1,6.287126
10,6,0,1,5.350574
10,23,0,0,6.814655
12,27,0,1,30.87289
6,23,0,0,6.410689
10,27,0,1,7.425287
17,7,1,0,13.83837
10,22,0,0,10.2775
10,17,0,0,5.630632
10,19,0,0,7.033965
17,21,1,0,17.39476
6,29,0,0,7.267529
17,9,1,1,9.116299
10,27,0,1,4.438713
6,11,0,0,8.985977
17,9,1,1,12.03572
6,33,0,1,5.216552
6,32,0,0,6.190283
12,38,0,0,12.92464
6,19,0,0,21.17132
10,16,0,1,5.61046
17,9,1,1,6.167356
12,32,0,0,6.652184
12,9,0,1,7.090805
17,16,1,0,16.24178
10,13,0,1,6.671954
10,6,0,0,5.32908
18,9,1,0,14.51655
12,7,0,1,6.051385
17,6,1,1,19.7069
10,38,0,1,10.16259
14,7,0,0,13.20752
10,17,0,1,7.350862
10,21,0,0,5.555287
15,26,1,0,15.51869
12,22,0,1,5.955797
17,10,1,0,12.4712
6,26,0,1,6.711494
12,21,0,0,14.55931
10,25,0,0,17.73401
12,44,0,1,7.877395
10,15,0,1,6.161379
10,37,0,1,8.220428
12,26,0,1,5.402644
12,1,0,1,6.089119
14,5,0,0,7.560863
17,11,1,1,21.89504
10,33,0,0,8.237299
14,14,0,1,10.41207
12,5,0,0,5.2
14,20,0,0,9.535115
17,13,1,0,33.32178
10,28,0,0,11.90672
6,32,0,1,4.974384
14,19,0,0,19.19708
6,22,0,1,5.36569
10,24,0,0,6.047644
6,35,0,0,6.649713
10,26,0,1,14.00671
10,29,0,0,9.17339
10,31,0,0,8.089195
6,36,0,0,4.091954
15,26,1,0,18.01236
6,12,0,1,4.985568
6,42,0,0,11.82778
6,15,0,0,9.222281
15,14,1,1,10.7204
12,14,0,1,6.515517
10,25,0,1,6.310058
17,7,1,1,8.059885
10,53,0,0,7.576551
15,9,1,1,6.076322
12,14,0,0,10.34772
17,16,1,1,26.85069
17,26,1,1,15.96661
12,15,0,1,6.370517
12,12,0,0,7.183908
12,18,0,0,10.42667
12,14,0,0,13.28753
12,30,0,0,12.14713
6,13,0,1,7.130172
10,45,0,0,6.421763
10,34,0,1,8.602365
10,29,0,0,6.76931
14,8,0,1,6.005305
17,30,1,0,15.87333
18,33,1,1,34.53996
14,16,0,1,5.271954
17,15,1,1,9.917586
12,14,0,0,12.2221
12,39,0,1,5.728218
14,15,0,1,9.282298
17,9,1,1,6.556035
10,32,0,1,6.975
6,32,0,1,8.177638
10,36,0,0,20.44729
17,5,1,1,11.96667
10,18,0,1,6.402586
10,23,0,1,8.795287
10,19,0,0,9.898702
17,19,1,0,17.19712
6,31,0,0,10.9464
6,40,0,0,5.863563
17,8,1,0,14.79148
17,13,1,0,26.97603
17,10,1,1,27.64017
17,14,1,0,11.58603
10,36,0,0,9.567586
10,10,0,0,4.968391
10,4,0,1,7.103448
12,17,0,1,7.735229
10,16,0,0,10.62051
17,20,1,0,17.33402
6,46,0,1,5.668736
6,41,0,0,37.27017
14,9,0,0,10.16085
6,38,0,0,18.52368
10,30,0,1,13.44296
15,17,1,1,11.48937
15,37,1,0,15.18785
10,15,0,1,5.60859
10,13,0,0,9.461493
10,41,0,1,11.19885
12,15,0,1,6.79046
6,33,0,0,5.463391
6,17,0,0,10.42282
10,10,0,0,7.343908
17,20,1,1,23.11212
12,21,0,1,7.76394
6,24,0,0,6.138279
17,13,1,0,15.46718
12,23,0,1,8.863333
17,10,1,0,10.75544
12,24,0,0,12.05716
6,39,0,1,7.047816
10,26,0,0,11.2731
6,36,0,1,13.28874
10,44,0,1,9.345139
14,21,0,0,17.26115
10,38,0,1,12.18351
12,25,0,1,15.46075
6,11,0,0,7.97477
12,26,0,0,8.894025
12,31,0,1,11.59224
12,32,0,0,24.48851
6,18,0,0,10.13408
14,2,0,0,12.87356
17,16,1,1,12.76874
14,34,0,0,16.77006
10,21,0,1,10.61293
14,9,0,0,6.603196
6,36,0,0,13.49582
10,8,0,0,6.920172
18,10,1,0,14.77833
10,35,0,1,8.485904
14,30,0,0,22.81739
17,2,1,0,13.18144
6,36,0,0,6.104598
12,9,0,0,6.625977
10,34,0,0,4.045738
12,42,0,1,12.40436
15,12,1,1,26.54105
18,39,1,0,15.09454
10,27,0,0,12.56259
17,14,1,0,6.321839
12,13,0,1,5.893345
12,20,0,0,13.28879
10,37,0,0,19.95977
6,31,0,1,5.409655
12,25,0,0,10.6834
12,16,0,1,30.18603
17,23,1,1,16.67065
14,21,0,1,10.76926
14,37,0,0,23.29615
6,31,0,0,18.13813
6,17,0,1,10.98149
17,14,1,1,16.24965
12,33,0,1,11.46552
12,24,0,1,7.319172
6,27,0,1,8.381762
12,15,0,0,9.578564
12,12,0,0,9.283046
15,8,1,1,7.858968
6,38,0,1,7.505517
12,11,0,1,4.990498
6,34,0,0,15.19615
18,8,1,0,9.667931
14,36,0,0,24.92017
14,15,0,0,14.73897
14,14,0,1,9.880115
6,43,0,1,5.363763
17,8,1,1,9.445402
10,20,0,0,6.111494
6,37,0,1,6.228621
14,39,0,0,20.31115
6,9,0,1,5.246437
15,8,1,0,8.280723
6,40,0,0,12.31883
10,2,0,0,4.918966
6,22,0,1,4.274713
6,48,0,0,12.77534
10,29,0,1,9.396994
17,28,1,0,22.05128
17,16,1,1,13.71471
14,12,0,0,15.94868
6,22,0,1,5.90728
12,23,0,1,6.318833
17,2,1,1,7.663072
14,23,0,0,16.0696
12,13,0,1,9.959951
10,7,0,0,8.539498
12,17,0,0,8.801782
15,17,1,1,12.11603
17,8,1,0,19.08164
15,4,1,1,14.97044
17,25,1,1,30.66041
10,11,0,0,7.47657
10,18,0,1,7.192874
12,18,0,0,11.51179
12,14,0,1,5.971552
14,6,0,1,8.474541
12,25,0,0,12.60139
12,32,0,1,8.255829
10,24,0,0,11.18109
6,16,0,1,8.620689
17,21,1,1,19.62266
6,43,0,0,7.151092
12,24,0,0,11.58425
15,13,1,1,10.89104
12,31,0,0,21.64793
6,34,0,0,7.915862
17,13,1,1,15.43854
17,3,1,1,9.195402
12,42,0,0,9.598391
10,14,0,0,7.598506
14,5,0,1,8.693793
12,39,0,0,13.41303
17,21,1,1,24.04276
12,13,0,1,7.841666
12,35,0,1,14.64805
12,33,0,1,6.404874
10,32,0,0,7.128621
12,37,0,1,10.59054
14,14,0,0,6.416206
18,23,1,1,21.68343
12,33,0,0,13.03787
12,17,0,0,12.51483
15,35,1,1,10.51382
10,33,0,0,18.90172
12,27,0,1,5.841413
17,6,1,1,17.11362
15,25,1,1,19.90885
0,25,0,0,20.3466
10,17,0,1,7.429943
14,13,0,1,6.774714
15,40,1,1,19.21439
12,9,0,1,6.981322
12,7,0,1,7.528161
15,30,1,1,13.03546
10,24,0,1,9.099368
17,20,1,1,20.37836
10,42,0,0,4.322824
6,13,0,0,4.673024
10,33,0,0,5.815919
12,19,0,1,10.1535
12,41,0,1,26.76075
6,37,0,0,3.639655
6,24,0,1,6.836494
17,13,1,0,17.26997
6,21,0,0,8.207069
15,21,1,1,53.40684
10,11,0,0,7.80885
12,28,0,1,8.941807
12,32,0,1,7.05523
14,30,0,0,11.26266
17,7,1,0,13.31592
17,9,1,0,13.97512
12,40,0,0,22.81299
10,28,0,0,4.681782
10,15,0,1,8.717127
12,15,0,0,7.39023
15,11,1,1,5.729827
12,12,0,1,6.655939
17,12,1,0,8.82592
12,18,0,1,5.704828
15,17,1,1,17.67232
6,20,0,0,9.852242
6,48,0,0,24.31959
6,23,0,0,7.19523
6,31,0,0,8.468621
12,41,0,1,19.05655
6,32,0,1,10.1023
6,26,0,1,5.775172
12,43,0,0,13.45012
17,28,1,0,40.86247
15,11,1,0,17.71121
17,11,1,0,10.15605
17,10,1,0,6.942912
15,15,1,1,14.36782
12,15,0,0,11.42573
6,36,0,0,6.814655
10,12,0,1,18.83502
15,23,1,1,16.62171
10,21,0,0,10.17204
10,42,0,1,6.055173
17,17,1,1,5.178207
10,21,0,0,6.360344
10,31,0,0,7.030728
12,14,0,1,7.825874
14,20,0,0,19.29552
12,24,0,1,16.01957
10,17,0,0,9.048333
10,20,0,1,5.959655
15,22,1,1,12.32104
12,17,0,0,11.57385
17,15,1,1,10.35057
17,15,1,0,10.94471
6,16,0,1,6.329426
6,36,0,0,9.854367
6,11,0,1,6.085862
12,10,0,1,8.43164
15,31,1,0,63.06943
6,41,0,0,9.010574
14,13,0,0,14.64793
10,42,0,1,7.989023
12,13,0,1,6.055172
10,17,0,0,7.687873
6,5,0,1,4.03046
17,2,1,1,11.82759
15,4,1,1,6.658391
12,9,0,1,6.021782
10,38,0,1,5.854943
10,29,0,0,8.989508
14,21,0,1,8.754148
10,45,0,1,5.838965
12,10,0,1,8.471034
10,46,0,0,7.922495
12,38,0,0,19.81425
6,30,0,1,7.422873
10,6,0,0,8.688505
10,38,0,1,8.31092
6,17,0,0,12.26052
6,15,0,0,10.13374
17,14,1,0,21.12753
10,39,0,0,24.70328
12,31,0,1,5.056897
10,26,0,0,8.336989
17,6,1,0,9.502414
12,38,0,0,15.87869
10,15,0,0,13.31661
10,26,0,1,4.148506
10,16,0,1,7.356366
14,4,0,0,10.28914
10,12,0,1,11.9023
6,32,0,1,4.760115
14,10,0,1,8.449364
15,21,1,0,14.99511
14,12,0,0,7.733391
12,11,0,0,8.422529
17,19,1,0,15.75315
6,22,0,0,6.356852
10,18,0,0,9.488966
6,43,0,0,13.75046
6,12,0,0,7.955173
17,24,1,0,18.02103
14,8,0,0,12.23657
14,17,0,1,6.164023
10,17,0,0,10.7623
12,18,0,1,5.747127
10,20,0,0,6.861339
14,28,0,0,15.66006
12,9,0,0,5.492033
6,49,0,0,11.81736
12,24,0,1,7.017035
14,13,0,0,14.14575
14,18,0,0,13.93989
10,22,0,0,6.790804
12,24,0,0,27.68316
10,7,0,1,6.586053
14,9,0,1,4.93092
12,21,0,1,8.135454
10,20,0,1,18.7831
14,18,0,1,12.43109
6,12,0,0,7.333103
12,24,0,0,6.15339
10,8,0,0,9.499827
17,16,1,1,12.26213
12,45,0,1,17.55212
17,7,1,0,8.96161
10,31,0,0,10.62668
10,27,0,1,4.885057
12,23,0,0,9.195402
14,18,0,1,10.9723
10,16,0,1,5.763448
10,40,0,1,19.30094
14,5,0,0,10.53841
12,35,0,0,11.34515
12,6,0,1,6.553964
12,19,0,0,14.44035
12,7,0,1,8.755632
17,16,1,0,18.51149
6,52,0,0,14.37931
10,30,0,0,10.42784
10,28,0,0,11.72414
12,33,0,1,14.94686
6,21,0,0,6.63431
6,47,0,0,22.97842
6,17,0,0,4.992069
15,13,1,1,12.80511
10,22,0,0,6.111001
10,10,0,0,8.739081
12,43,0,0,21.83646
10,20,0,0,11.11718
12,25,0,0,13.81925
6,42,0,0,19.49793
17,21,1,1,19.83222
15,12,1,1,16.96769
17,12,1,1,9.184276
15,33,1,1,8.824302
12,39,0,1,8.542931
10,32,0,1,7.276667
15,20,1,0,16.55324
14,11,0,0,11.48375
15,42,1,1,12.39363
15,27,1,0,22.38935
14,28,0,0,13.00207
6,27,0,0,5.92775
17,5,1,0,18.10291
15,28,1,1,10.1665
6,12,0,0,6.232989
14,21,0,1,5.747127
6,27,0,0,9.84707
12,16,0,1,8.261495
12,22,0,0,15.00799
10,25,0,0,11.08235
12,14,0,1,7.89115
10,19,0,0,11.08052
17,35,1,0,14.74506
12,12,0,1,6.655939
14,36,0,0,11.07615
6,9,0,0,7.220402
6,34,0,0,6.258506
14,24,0,0,8.996724
12,11,0,0,9.482759
12,27,0,1,8.919277
6,20,0,0,7.86477
10,34,0,1,8.697586
10,17,0,0,6.892445
